#-----------------------------------------------------------
# Vivado v2025.1 (64-bit)
# SW Build 6140274 on Thu May 22 00:12:29 MDT 2025
# IP Build 6138677 on Thu May 22 03:10:11 MDT 2025
# SharedData Build 6139179 on Tue May 20 17:58:58 MDT 2025
# Start of session at: Tue Oct  6 09:38:10 2026
# Process ID         : 4940
# Current directory  : C:/Users/jflh0/AppData/Roaming/Xilinx/Vivado
# Command line       : vivado.exe -gui_launcher_event rodinguilauncherevent7888
# Log file           : C:/Users/jflh0/AppData/Roaming/Xilinx/Vivado/vivado.log
# Journal file       : C:/Users/jflh0/AppData/Roaming/Xilinx/Vivado\vivado.jou
# Running On         : JesusHernandez
# Platform           : Windows Server 2016 or Windows 10
# Operating System   : 22631
# Processor Detail   : 11th Gen Intel(R) Core(TM) i7-1165G7 @ 2.80GHz
# CPU Frequency      : 2803 MHz
# CPU Physical cores : 4
# CPU Logical cores  : 8
# Host memory        : 8379 MB
# Swap memory        : 11274 MB
# Total Virtual      : 19653 MB
# Available Virtual  : 13874 MB
#-----------------------------------------------------------
start_gui
WARNING: [Board 49-26] cannot add Board Part xilinx.com:emb-plus-vpr-4616:part0:1.0 available at C:/Xilinx/2025.1/data/xhub/boards\XilinxBoardStore\boards\Xilinx\emb-plus-vpr-4616\1.0\board.xml as part xcve2302-sfva784-2mp-e-s specified in board_part file is either invalid or not available
WARNING: [Board 49-26] cannot add Board Part xilinx.com:emb-plus-vpr-4616:part0:1.1 available at C:/Xilinx/2025.1/data/xhub/boards\XilinxBoardStore\boards\Xilinx\emb-plus-vpr-4616\1.1\board.xml as part xcve2302-sfva784-2mp-e-s specified in board_part file is either invalid or not available
WARNING: [Board 49-26] cannot add Board Part xilinx.com:k24c:part0:1.0 available at C:/Xilinx/2025.1/data/xhub/boards\XilinxBoardStore\boards\Xilinx\k24c\1.0\board.xml as part xck24-ubva530-2lv-c specified in board_part file is either invalid or not available
WARNING: [Board 49-26] cannot add Board Part xilinx.com:k24c:part0:1.1 available at C:/Xilinx/2025.1/data/xhub/boards\XilinxBoardStore\boards\Xilinx\k24c\1.1\board.xml as part xck24-ubva530-2lv-c specified in board_part file is either invalid or not available
WARNING: [Board 49-26] cannot add Board Part xilinx.com:k24i:part0:1.0 available at C:/Xilinx/2025.1/data/xhub/boards\XilinxBoardStore\boards\Xilinx\k24i\1.0\board.xml as part xck24-ubva530-2lvi-i specified in board_part file is either invalid or not available
WARNING: [Board 49-26] cannot add Board Part xilinx.com:k26c:part0:1.2 available at C:/Xilinx/2025.1/data/xhub/boards\XilinxBoardStore\boards\Xilinx\k26c\1.2\board.xml as part xck26-sfvc784-2lv-c specified in board_part file is either invalid or not available
WARNING: [Board 49-26] cannot add Board Part xilinx.com:k26c:part0:1.3 available at C:/Xilinx/2025.1/data/xhub/boards\XilinxBoardStore\boards\Xilinx\k26c\1.3\board.xml as part xck26-sfvc784-2lv-c specified in board_part file is either invalid or not available
WARNING: [Board 49-26] cannot add Board Part xilinx.com:k26c:part0:1.4 available at C:/Xilinx/2025.1/data/xhub/boards\XilinxBoardStore\boards\Xilinx\k26c\1.4\board.xml as part xck26-sfvc784-2lv-c specified in board_part file is either invalid or not available
WARNING: [Board 49-26] cannot add Board Part xilinx.com:k26i:part0:1.2 available at C:/Xilinx/2025.1/data/xhub/boards\XilinxBoardStore\boards\Xilinx\k26i\1.2\board.xml as part xck26-sfvc784-2lvi-i specified in board_part file is either invalid or not available
WARNING: [Board 49-26] cannot add Board Part xilinx.com:k26i:part0:1.3 available at C:/Xilinx/2025.1/data/xhub/boards\XilinxBoardStore\boards\Xilinx\k26i\1.3\board.xml as part xck26-sfvc784-2lvi-i specified in board_part file is either invalid or not available
WARNING: [Board 49-26] cannot add Board Part xilinx.com:k26i:part0:1.4 available at C:/Xilinx/2025.1/data/xhub/boards\XilinxBoardStore\boards\Xilinx\k26i\1.4\board.xml as part xck26-sfvc784-2lvi-i specified in board_part file is either invalid or not available
WARNING: [Board 49-26] cannot add Board Part xilinx.com:kcu105:part0:1.6 available at C:/Xilinx/2025.1/data/xhub/boards\XilinxBoardStore\boards\Xilinx\kcu105\1.6\board.xml as part xcku040-ffva1156-2-e specified in board_part file is either invalid or not available
WARNING: [Board 49-26] cannot add Board Part xilinx.com:kcu105:part0:1.7 available at C:/Xilinx/2025.1/data/xhub/boards\XilinxBoardStore\boards\Xilinx\kcu105\1.7\board.xml as part xcku040-ffva1156-2-e specified in board_part file is either invalid or not available
WARNING: [Board 49-26] cannot add Board Part xilinx.com:kcu116:part0:1.4 available at C:/Xilinx/2025.1/data/xhub/boards\XilinxBoardStore\boards\Xilinx\kcu116\1.4\board.xml as part xcku5p-ffvb676-2-e specified in board_part file is either invalid or not available
WARNING: [Board 49-26] cannot add Board Part xilinx.com:kcu116:part0:1.5 available at C:/Xilinx/2025.1/data/xhub/boards\XilinxBoardStore\boards\Xilinx\kcu116\1.5\board.xml as part xcku5p-ffvb676-2-e specified in board_part file is either invalid or not available
WARNING: [Board 49-26] cannot add Board Part xilinx.com:kcu1500:part0:1.2 available at C:/Xilinx/2025.1/data/xhub/boards\XilinxBoardStore\boards\Xilinx\kcu1500\1.2\board.xml as part xcku115-flvb2104-2-e specified in board_part file is either invalid or not available
WARNING: [Board 49-26] cannot add Board Part xilinx.com:kd240_som:part0:1.0 available at C:/Xilinx/2025.1/data/xhub/boards\XilinxBoardStore\boards\Xilinx\kd240_som\1.0\board.xml as part xck24-ubva530-2lv-c specified in board_part file is either invalid or not available
WARNING: [Board 49-26] cannot add Board Part xilinx.com:kd240_som:part0:1.1 available at C:/Xilinx/2025.1/data/xhub/boards\XilinxBoardStore\boards\Xilinx\kd240_som\1.1\board.xml as part xck24-ubva530-2lv-c specified in board_part file is either invalid or not available
WARNING: [Board 49-26] cannot add Board Part xilinx.com:kr260_som:part0:1.0 available at C:/Xilinx/2025.1/data/xhub/boards\XilinxBoardStore\boards\Xilinx\kr260_som\1.0\board.xml as part xck26-sfvc784-2lv-c specified in board_part file is either invalid or not available
WARNING: [Board 49-26] cannot add Board Part xilinx.com:kr260_som:part0:1.1 available at C:/Xilinx/2025.1/data/xhub/boards\XilinxBoardStore\boards\Xilinx\kr260_som\1.1\board.xml as part xck26-sfvc784-2lv-c specified in board_part file is either invalid or not available
WARNING: [Board 49-26] cannot add Board Part xilinx.com:kv260_som:part0:1.2 available at C:/Xilinx/2025.1/data/xhub/boards\XilinxBoardStore\boards\Xilinx\kv260_som\1.2\board.xml as part xck26-sfvc784-2lv-c specified in board_part file is either invalid or not available
WARNING: [Board 49-26] cannot add Board Part xilinx.com:kv260_som:part0:1.3 available at C:/Xilinx/2025.1/data/xhub/boards\XilinxBoardStore\boards\Xilinx\kv260_som\1.3\board.xml as part xck26-sfvc784-2lv-c specified in board_part file is either invalid or not available
WARNING: [Board 49-26] cannot add Board Part xilinx.com:kv260_som:part0:1.4 available at C:/Xilinx/2025.1/data/xhub/boards\XilinxBoardStore\boards\Xilinx\kv260_som\1.4\board.xml as part xck26-sfvc784-2lv-c specified in board_part file is either invalid or not available
WARNING: [Board 49-26] cannot add Board Part xilinx.com:scu35:part0:1.0 available at C:/Xilinx/2025.1/data/xhub/boards\XilinxBoardStore\boards\Xilinx\scu35\1.0\board.xml as part xcsu35p-sbvb625-2-e specified in board_part file is either invalid or not available
WARNING: [Board 49-26] cannot add Board Part xilinx.com:v80:part0:1.0 available at C:/Xilinx/2025.1/data/xhub/boards\XilinxBoardStore\boards\Xilinx\v80\1.0\board.xml as part xcv80-lsva4737-2mhp-e-s specified in board_part file is either invalid or not available
WARNING: [Board 49-26] cannot add Board Part xilinx.com:vck190:part0:2.2 available at C:/Xilinx/2025.1/data/xhub/boards\XilinxBoardStore\boards\Xilinx\vck190\production\2.2\board.xml as part xcvc1902-vsva2197-2mp-e-s specified in board_part file is either invalid or not available
WARNING: [Board 49-26] cannot add Board Part xilinx.com:vck190:part0:3.0 available at C:/Xilinx/2025.1/data/xhub/boards\XilinxBoardStore\boards\Xilinx\vck190\production\3.0\board.xml as part xcvc1902-vsva2197-2mp-e-s specified in board_part file is either invalid or not available
WARNING: [Board 49-26] cannot add Board Part xilinx.com:vck190:part0:3.1 available at C:/Xilinx/2025.1/data/xhub/boards\XilinxBoardStore\boards\Xilinx\vck190\production\3.1\board.xml as part xcvc1902-vsva2197-2mp-e-s specified in board_part file is either invalid or not available
WARNING: [Board 49-26] cannot add Board Part xilinx.com:vck190:part0:3.2 available at C:/Xilinx/2025.1/data/xhub/boards\XilinxBoardStore\boards\Xilinx\vck190\production\3.2\board.xml as part xcvc1902-vsva2197-2mp-e-s specified in board_part file is either invalid or not available
WARNING: [Board 49-26] cannot add Board Part xilinx.com:vck190:part0:3.3 available at C:/Xilinx/2025.1/data/xhub/boards\XilinxBoardStore\boards\Xilinx\vck190\production\3.3\board.xml as part xcvc1902-vsva2197-2mp-e-s specified in board_part file is either invalid or not available
WARNING: [Board 49-26] cannot add Board Part xilinx.com:vck190:part0:3.4 available at C:/Xilinx/2025.1/data/xhub/boards\XilinxBoardStore\boards\Xilinx\vck190\production\3.4\board.xml as part xcvc1902-vsva2197-2mp-e-s specified in board_part file is either invalid or not available
WARNING: [Board 49-26] cannot add Board Part xilinx.com:vck190_newl:part0:1.0 available at C:/Xilinx/2025.1/data/xhub/boards\XilinxBoardStore\boards\Xilinx\vck190_newl\production\1.0\board.xml as part xcvc1902-vsva2197-2mp-e-s specified in board_part file is either invalid or not available
WARNING: [Board 49-26] cannot add Board Part xilinx.com:vck190_newl:part0:1.1 available at C:/Xilinx/2025.1/data/xhub/boards\XilinxBoardStore\boards\Xilinx\vck190_newl\production\1.1\board.xml as part xcvc1902-vsva2197-2mp-e-s specified in board_part file is either invalid or not available
WARNING: [Board 49-26] cannot add Board Part xilinx.com:vck190_newl:part0:1.2 available at C:/Xilinx/2025.1/data/xhub/boards\XilinxBoardStore\boards\Xilinx\vck190_newl\production\1.2\board.xml as part xcvc1902-vsva2197-2mp-e-s specified in board_part file is either invalid or not available
WARNING: [Board 49-26] cannot add Board Part xilinx.com:vck190_newl:part0:1.3 available at C:/Xilinx/2025.1/data/xhub/boards\XilinxBoardStore\boards\Xilinx\vck190_newl\production\1.3\board.xml as part xcvc1902-vsva2197-2mp-e-s specified in board_part file is either invalid or not available
WARNING: [Board 49-26] cannot add Board Part xilinx.com:vcu108:part0:1.6 available at C:/Xilinx/2025.1/data/xhub/boards\XilinxBoardStore\boards\Xilinx\vcu108\1.6\board.xml as part xcvu095-ffva2104-2-e specified in board_part file is either invalid or not available
WARNING: [Board 49-26] cannot add Board Part xilinx.com:vcu108:part0:1.7 available at C:/Xilinx/2025.1/data/xhub/boards\XilinxBoardStore\boards\Xilinx\vcu108\1.7\board.xml as part xcvu095-ffva2104-2-e specified in board_part file is either invalid or not available
WARNING: [Board 49-26] cannot add Board Part xilinx.com:vcu110:part0:1.4 available at C:/Xilinx/2025.1/data/xhub/boards\XilinxBoardStore\boards\Xilinx\vcu110\1.4\board.xml as part xcvu190-flgc2104-2-e specified in board_part file is either invalid or not available
WARNING: [Board 49-26] cannot add Board Part xilinx.com:vcu118:part0:2.0 available at C:/Xilinx/2025.1/data/xhub/boards\XilinxBoardStore\boards\Xilinx\vcu118\2.0\board.xml as part xcvu9p-flga2104-2l-e specified in board_part file is either invalid or not available
WARNING: [Board 49-26] cannot add Board Part xilinx.com:vcu118:part0:2.3 available at C:/Xilinx/2025.1/data/xhub/boards\XilinxBoardStore\boards\Xilinx\vcu118\2.3\board.xml as part xcvu9p-flga2104-2l-e specified in board_part file is either invalid or not available
WARNING: [Board 49-26] cannot add Board Part xilinx.com:vcu118:part0:2.4 available at C:/Xilinx/2025.1/data/xhub/boards\XilinxBoardStore\boards\Xilinx\vcu118\2.4\board.xml as part xcvu9p-flga2104-2l-e specified in board_part file is either invalid or not available
WARNING: [Board 49-26] cannot add Board Part xilinx.com:vcu128:part0:1.0 available at C:/Xilinx/2025.1/data/xhub/boards\XilinxBoardStore\boards\Xilinx\vcu128\production\1.0\board.xml as part xcvu37p-fsvh2892-2l-e specified in board_part file is either invalid or not available
WARNING: [Board 49-26] cannot add Board Part xilinx.com:vcu129:part0:1.0 available at C:/Xilinx/2025.1/data/xhub/boards\XilinxBoardStore\boards\Xilinx\vcu129\production\1.0\board.xml as part xcvu29p-fsga2577-2l-e specified in board_part file is either invalid or not available
WARNING: [Board 49-26] cannot add Board Part xilinx.com:vcu1525:part0:1.3 available at C:/Xilinx/2025.1/data/xhub/boards\XilinxBoardStore\boards\Xilinx\vcu1525\1.3\board.xml as part xcvu9p-fsgd2104-2l-e specified in board_part file is either invalid or not available
WARNING: [Board 49-26] cannot add Board Part xilinx.com:vek280:part0:1.0 available at C:/Xilinx/2025.1/data/xhub/boards\XilinxBoardStore\boards\Xilinx\vek280\production\1.0\board.xml as part xcve2802-vsvh1760-2mp-e-s specified in board_part file is either invalid or not available
WARNING: [Board 49-26] cannot add Board Part xilinx.com:vek280:part0:1.1 available at C:/Xilinx/2025.1/data/xhub/boards\XilinxBoardStore\boards\Xilinx\vek280\production\1.1\board.xml as part xcve2802-vsvh1760-2mp-e-s specified in board_part file is either invalid or not available
WARNING: [Board 49-26] cannot add Board Part xilinx.com:vek280:part0:1.2 available at C:/Xilinx/2025.1/data/xhub/boards\XilinxBoardStore\boards\Xilinx\vek280\production\1.2\board.xml as part xcve2802-vsvh1760-2mp-e-s specified in board_part file is either invalid or not available
WARNING: [Board 49-26] cannot add Board Part xilinx.com:vek385:part0:1.0 available at C:/Xilinx/2025.1/data/xhub/boards\XilinxBoardStore\boards\Xilinx\vek385\1.0\board.xml as part xc2ve3858-ssva2112-2mp-e-s specified in board_part file is either invalid or not available
WARNING: [Board 49-26] cannot add Board Part xilinx.com:vermeo_t1_mpsoc:part0:1.0 available at C:/Xilinx/2025.1/data/xhub/boards\XilinxBoardStore\boards\Xilinx\vermeo_t1_mpsoc\1.0\board.xml as part xczu19eg-ffvd1760-2l-e specified in board_part file is either invalid or not available
WARNING: [Board 49-26] cannot add Board Part xilinx.com:vermeo_t1_rfsoc:part0:1.0 available at C:/Xilinx/2025.1/data/xhub/boards\XilinxBoardStore\boards\Xilinx\vermeo_t1_rfsoc\1.0\board.xml as part xczu21dr-ffvd1156-2l-e specified in board_part file is either invalid or not available
WARNING: [Board 49-26] cannot add Board Part xilinx.com:vhk158:part0:1.0 available at C:/Xilinx/2025.1/data/xhub/boards\XilinxBoardStore\boards\Xilinx\vhk158\production\1.0\board.xml as part xcvh1582-vsva3697-2mp-e-s specified in board_part file is either invalid or not available
WARNING: [Board 49-26] cannot add Board Part xilinx.com:vhk158:part0:1.1 available at C:/Xilinx/2025.1/data/xhub/boards\XilinxBoardStore\boards\Xilinx\vhk158\production\1.1\board.xml as part xcvh1582-vsva3697-2mp-e-s specified in board_part file is either invalid or not available
WARNING: [Board 49-26] cannot add Board Part xilinx.com:vhk158:part0:1.2 available at C:/Xilinx/2025.1/data/xhub/boards\XilinxBoardStore\boards\Xilinx\vhk158\production\1.2\board.xml as part xcvh1582-vsva3697-2mp-e-s specified in board_part file is either invalid or not available
WARNING: [Board 49-26] cannot add Board Part xilinx.com:vmk180:part0:2.2 available at C:/Xilinx/2025.1/data/xhub/boards\XilinxBoardStore\boards\Xilinx\vmk180\production\2.2\board.xml as part xcvm1802-vsva2197-2mp-e-s specified in board_part file is either invalid or not available
WARNING: [Board 49-26] cannot add Board Part xilinx.com:vmk180:part0:3.0 available at C:/Xilinx/2025.1/data/xhub/boards\XilinxBoardStore\boards\Xilinx\vmk180\production\3.0\board.xml as part xcvm1802-vsva2197-2mp-e-s specified in board_part file is either invalid or not available
WARNING: [Board 49-26] cannot add Board Part xilinx.com:vmk180:part0:3.1 available at C:/Xilinx/2025.1/data/xhub/boards\XilinxBoardStore\boards\Xilinx\vmk180\production\3.1\board.xml as part xcvm1802-vsva2197-2mp-e-s specified in board_part file is either invalid or not available
WARNING: [Board 49-26] cannot add Board Part xilinx.com:vmk180:part0:3.2 available at C:/Xilinx/2025.1/data/xhub/boards\XilinxBoardStore\boards\Xilinx\vmk180\production\3.2\board.xml as part xcvm1802-vsva2197-2mp-e-s specified in board_part file is either invalid or not available
WARNING: [Board 49-26] cannot add Board Part xilinx.com:vmk180:part0:3.3 available at C:/Xilinx/2025.1/data/xhub/boards\XilinxBoardStore\boards\Xilinx\vmk180\production\3.3\board.xml as part xcvm1802-vsva2197-2mp-e-s specified in board_part file is either invalid or not available
WARNING: [Board 49-26] cannot add Board Part xilinx.com:vmk180_newl:part0:1.0 available at C:/Xilinx/2025.1/data/xhub/boards\XilinxBoardStore\boards\Xilinx\vmk180_newl\production\1.0\board.xml as part xcvm1802-vsva2197-2mp-e-s specified in board_part file is either invalid or not available
WARNING: [Board 49-26] cannot add Board Part xilinx.com:vmk180_newl:part0:1.1 available at C:/Xilinx/2025.1/data/xhub/boards\XilinxBoardStore\boards\Xilinx\vmk180_newl\production\1.1\board.xml as part xcvm1802-vsva2197-2mp-e-s specified in board_part file is either invalid or not available
WARNING: [Board 49-26] cannot add Board Part xilinx.com:vpk120:part0:1.0 available at C:/Xilinx/2025.1/data/xhub/boards\XilinxBoardStore\boards\Xilinx\vpk120\production\1.0\board.xml as part xcvp1202-vsva2785-2mp-e-s specified in board_part file is either invalid or not available
WARNING: [Board 49-26] cannot add Board Part xilinx.com:vpk120:part0:1.1 available at C:/Xilinx/2025.1/data/xhub/boards\XilinxBoardStore\boards\Xilinx\vpk120\production\1.1\board.xml as part xcvp1202-vsva2785-2mp-e-s specified in board_part file is either invalid or not available
WARNING: [Board 49-26] cannot add Board Part xilinx.com:vpk120:part0:1.2 available at C:/Xilinx/2025.1/data/xhub/boards\XilinxBoardStore\boards\Xilinx\vpk120\production\1.2\board.xml as part xcvp1202-vsva2785-2mp-e-s specified in board_part file is either invalid or not available
WARNING: [Board 49-26] cannot add Board Part xilinx.com:vpk180:part0:1.0 available at C:/Xilinx/2025.1/data/xhub/boards\XilinxBoardStore\boards\Xilinx\vpk180\production\1.0\board.xml as part xcvp1802-lsvc4072-2mp-e-s specified in board_part file is either invalid or not available
WARNING: [Board 49-26] cannot add Board Part xilinx.com:vpk180:part0:1.1 available at C:/Xilinx/2025.1/data/xhub/boards\XilinxBoardStore\boards\Xilinx\vpk180\production\1.1\board.xml as part xcvp1802-lsvc4072-2mp-e-s specified in board_part file is either invalid or not available
WARNING: [Board 49-26] cannot add Board Part xilinx.com:vpk180:part0:1.2 available at C:/Xilinx/2025.1/data/xhub/boards\XilinxBoardStore\boards\Xilinx\vpk180\production\1.2\board.xml as part xcvp1802-lsvc4072-2mp-e-s specified in board_part file is either invalid or not available
WARNING: [Board 49-26] cannot add Board Part xilinx.com:zcu102:part0:3.3 available at C:/Xilinx/2025.1/data/xhub/boards\XilinxBoardStore\boards\Xilinx\zcu102\3.3\board.xml as part xczu9eg-ffvb1156-2-e specified in board_part file is either invalid or not available
WARNING: [Board 49-26] cannot add Board Part xilinx.com:zcu102:part0:3.4 available at C:/Xilinx/2025.1/data/xhub/boards\XilinxBoardStore\boards\Xilinx\zcu102\3.4\board.xml as part xczu9eg-ffvb1156-2-e specified in board_part file is either invalid or not available
WARNING: [Board 49-26] cannot add Board Part xilinx.com:zcu104:part0:1.1 available at C:/Xilinx/2025.1/data/xhub/boards\XilinxBoardStore\boards\Xilinx\zcu104\1.1\board.xml as part xczu7ev-ffvc1156-2-e specified in board_part file is either invalid or not available
WARNING: [Board 49-26] cannot add Board Part xilinx.com:zcu106:part0:2.4 available at C:/Xilinx/2025.1/data/xhub/boards\XilinxBoardStore\boards\Xilinx\zcu106\2.4\board.xml as part xczu7ev-ffvc1156-2-e specified in board_part file is either invalid or not available
WARNING: [Board 49-26] cannot add Board Part xilinx.com:zcu106:part0:2.5 available at C:/Xilinx/2025.1/data/xhub/boards\XilinxBoardStore\boards\Xilinx\zcu106\2.5\board.xml as part xczu7ev-ffvc1156-2-e specified in board_part file is either invalid or not available
WARNING: [Board 49-26] cannot add Board Part xilinx.com:zcu106:part0:2.6 available at C:/Xilinx/2025.1/data/xhub/boards\XilinxBoardStore\boards\Xilinx\zcu106\2.6\board.xml as part xczu7ev-ffvc1156-2-e specified in board_part file is either invalid or not available
WARNING: [Board 49-26] cannot add Board Part xilinx.com:zcu111:part0:1.2 available at C:/Xilinx/2025.1/data/xhub/boards\XilinxBoardStore\boards\Xilinx\zcu111\1.2\board.xml as part xczu28dr-ffvg1517-2-e specified in board_part file is either invalid or not available
WARNING: [Board 49-26] cannot add Board Part xilinx.com:zcu111:part0:1.3 available at C:/Xilinx/2025.1/data/xhub/boards\XilinxBoardStore\boards\Xilinx\zcu111\1.3\board.xml as part xczu28dr-ffvg1517-2-e specified in board_part file is either invalid or not available
WARNING: [Board 49-26] cannot add Board Part xilinx.com:zcu111:part0:1.4 available at C:/Xilinx/2025.1/data/xhub/boards\XilinxBoardStore\boards\Xilinx\zcu111\1.4\board.xml as part xczu28dr-ffvg1517-2-e specified in board_part file is either invalid or not available
WARNING: [Board 49-26] cannot add Board Part xilinx.com:zcu1275:part0:1.0 available at C:/Xilinx/2025.1/data/xhub/boards\XilinxBoardStore\boards\Xilinx\zcu1275\1.0\board.xml as part xczu29dr-ffvf1760-2-e specified in board_part file is either invalid or not available
WARNING: [Board 49-26] cannot add Board Part xilinx.com:zcu1285:part0:1.0 available at C:/Xilinx/2025.1/data/xhub/boards\XilinxBoardStore\boards\Xilinx\zcu1285\1.0\board.xml as part xczu39dr-ffvf1760-2-i specified in board_part file is either invalid or not available
WARNING: [Board 49-26] cannot add Board Part xilinx.com:zcu208:part0:2.0 available at C:/Xilinx/2025.1/data/xhub/boards\XilinxBoardStore\boards\Xilinx\zcu208\production\2.0\board.xml as part xczu48dr-fsvg1517-2-e specified in board_part file is either invalid or not available
WARNING: [Board 49-26] cannot add Board Part xilinx.com:zcu208ld:part0:2.0 available at C:/Xilinx/2025.1/data/xhub/boards\XilinxBoardStore\boards\Xilinx\zcu208ld\production\2.0\board.xml as part xczu58dr-fsvg1517-2-i specified in board_part file is either invalid or not available
WARNING: [Board 49-26] cannot add Board Part xilinx.com:zcu216:part0:2.0 available at C:/Xilinx/2025.1/data/xhub/boards\XilinxBoardStore\boards\Xilinx\zcu216\production\2.0\board.xml as part xczu49dr-ffvf1760-2-e specified in board_part file is either invalid or not available
WARNING: [Board 49-26] cannot add Board Part xilinx.com:zcu216ld:part0:2.0 available at C:/Xilinx/2025.1/data/xhub/boards\XilinxBoardStore\boards\Xilinx\zcu216ld\production\2.0\board.xml as part xczu59dr-ffvf1760-2-i specified in board_part file is either invalid or not available
WARNING: [Board 49-26] cannot add Board Part xilinx.com:zcu670:part0:2.0 available at C:/Xilinx/2025.1/data/xhub/boards\XilinxBoardStore\boards\Xilinx\zcu670\2.0\board.xml as part xczu67dr-fsve1156-2-i specified in board_part file is either invalid or not available
WARNING: [Board 49-26] cannot add Board Part xilinx.com:zcu670ld:part0:1.0 available at C:/Xilinx/2025.1/data/xhub/boards\XilinxBoardStore\boards\Xilinx\zcu670ld\1.0\board.xml as part xczu57dr-fsve1156-2-i specified in board_part file is either invalid or not available
WARNING: [Board 49-26] cannot add Board Part xilinx.com:emb-plus-vpr-4616:part0:1.0 available at C:/Xilinx/2025.1/data/xhub/boards\XilinxBoardStore\boards\Xilinx\emb-plus-vpr-4616\1.0\board.xml as part xcve2302-sfva784-2mp-e-s specified in board_part file is either invalid or not available
WARNING: [Board 49-26] cannot add Board Part xilinx.com:emb-plus-vpr-4616:part0:1.1 available at C:/Xilinx/2025.1/data/xhub/boards\XilinxBoardStore\boards\Xilinx\emb-plus-vpr-4616\1.1\board.xml as part xcve2302-sfva784-2mp-e-s specified in board_part file is either invalid or not available
WARNING: [Board 49-26] cannot add Board Part xilinx.com:k24c:part0:1.0 available at C:/Xilinx/2025.1/data/xhub/boards\XilinxBoardStore\boards\Xilinx\k24c\1.0\board.xml as part xck24-ubva530-2lv-c specified in board_part file is either invalid or not available
WARNING: [Board 49-26] cannot add Board Part xilinx.com:k24c:part0:1.1 available at C:/Xilinx/2025.1/data/xhub/boards\XilinxBoardStore\boards\Xilinx\k24c\1.1\board.xml as part xck24-ubva530-2lv-c specified in board_part file is either invalid or not available
WARNING: [Board 49-26] cannot add Board Part xilinx.com:k24i:part0:1.0 available at C:/Xilinx/2025.1/data/xhub/boards\XilinxBoardStore\boards\Xilinx\k24i\1.0\board.xml as part xck24-ubva530-2lvi-i specified in board_part file is either invalid or not available
WARNING: [Board 49-26] cannot add Board Part xilinx.com:k26c:part0:1.2 available at C:/Xilinx/2025.1/data/xhub/boards\XilinxBoardStore\boards\Xilinx\k26c\1.2\board.xml as part xck26-sfvc784-2lv-c specified in board_part file is either invalid or not available
WARNING: [Board 49-26] cannot add Board Part xilinx.com:k26c:part0:1.3 available at C:/Xilinx/2025.1/data/xhub/boards\XilinxBoardStore\boards\Xilinx\k26c\1.3\board.xml as part xck26-sfvc784-2lv-c specified in board_part file is either invalid or not available
WARNING: [Board 49-26] cannot add Board Part xilinx.com:k26c:part0:1.4 available at C:/Xilinx/2025.1/data/xhub/boards\XilinxBoardStore\boards\Xilinx\k26c\1.4\board.xml as part xck26-sfvc784-2lv-c specified in board_part file is either invalid or not available
WARNING: [Board 49-26] cannot add Board Part xilinx.com:k26i:part0:1.2 available at C:/Xilinx/2025.1/data/xhub/boards\XilinxBoardStore\boards\Xilinx\k26i\1.2\board.xml as part xck26-sfvc784-2lvi-i specified in board_part file is either invalid or not available
WARNING: [Board 49-26] cannot add Board Part xilinx.com:k26i:part0:1.3 available at C:/Xilinx/2025.1/data/xhub/boards\XilinxBoardStore\boards\Xilinx\k26i\1.3\board.xml as part xck26-sfvc784-2lvi-i specified in board_part file is either invalid or not available
WARNING: [Board 49-26] cannot add Board Part xilinx.com:k26i:part0:1.4 available at C:/Xilinx/2025.1/data/xhub/boards\XilinxBoardStore\boards\Xilinx\k26i\1.4\board.xml as part xck26-sfvc784-2lvi-i specified in board_part file is either invalid or not available
WARNING: [Board 49-26] cannot add Board Part xilinx.com:kcu105:part0:1.6 available at C:/Xilinx/2025.1/data/xhub/boards\XilinxBoardStore\boards\Xilinx\kcu105\1.6\board.xml as part xcku040-ffva1156-2-e specified in board_part file is either invalid or not available
WARNING: [Board 49-26] cannot add Board Part xilinx.com:kcu105:part0:1.7 available at C:/Xilinx/2025.1/data/xhub/boards\XilinxBoardStore\boards\Xilinx\kcu105\1.7\board.xml as part xcku040-ffva1156-2-e specified in board_part file is either invalid or not available
WARNING: [Board 49-26] cannot add Board Part xilinx.com:kcu116:part0:1.4 available at C:/Xilinx/2025.1/data/xhub/boards\XilinxBoardStore\boards\Xilinx\kcu116\1.4\board.xml as part xcku5p-ffvb676-2-e specified in board_part file is either invalid or not available
WARNING: [Board 49-26] cannot add Board Part xilinx.com:kcu116:part0:1.5 available at C:/Xilinx/2025.1/data/xhub/boards\XilinxBoardStore\boards\Xilinx\kcu116\1.5\board.xml as part xcku5p-ffvb676-2-e specified in board_part file is either invalid or not available
WARNING: [Board 49-26] cannot add Board Part xilinx.com:kcu1500:part0:1.2 available at C:/Xilinx/2025.1/data/xhub/boards\XilinxBoardStore\boards\Xilinx\kcu1500\1.2\board.xml as part xcku115-flvb2104-2-e specified in board_part file is either invalid or not available
WARNING: [Board 49-26] cannot add Board Part xilinx.com:kd240_som:part0:1.0 available at C:/Xilinx/2025.1/data/xhub/boards\XilinxBoardStore\boards\Xilinx\kd240_som\1.0\board.xml as part xck24-ubva530-2lv-c specified in board_part file is either invalid or not available
INFO: [Common 17-14] Message 'Board 49-26' appears 100 times and further instances of the messages will be disabled. Use the Tcl command set_msg_config to change the current settings.
create_project Codigo {C:/Users/jflh0/OneDrive/Desktop/9NO SEMESTRE/Codigo} -part xc7a35tcpg236-3
INFO: [IP_Flow 19-234] Refreshing IP repositories
INFO: [IP_Flow 19-1704] No user IP repositories specified
INFO: [IP_Flow 19-2313] Loaded Vivado IP repository 'C:/Xilinx/2025.1/Vivado/data/ip'.
create_project: Time (s): cpu = 00:00:02 ; elapsed = 00:00:10 . Memory (MB): peak = 1620.258 ; gain = 54.445
file mkdir C:/Users/jflh0/OneDrive/Desktop/9NO SEMESTRE/Codigo/Codigo.srcs/sources_1/new
file mkdir C:/Users/jflh0/OneDrive/Desktop/9NO SEMESTRE/Codigo/Codigo.srcs/sources_1/new
file mkdir C:/Users/jflh0/OneDrive/Desktop/9NO SEMESTRE/Codigo/Codigo.srcs/sources_1/new
file mkdir {C:/Users/jflh0/OneDrive/Desktop/9NO SEMESTRE/Codigo/Codigo.srcs/sources_1/new}
close [ open {C:/Users/jflh0/OneDrive/Desktop/9NO SEMESTRE/Codigo/Codigo.srcs/sources_1/new/secuencia.sv} w ]
add_files {{C:/Users/jflh0/OneDrive/Desktop/9NO SEMESTRE/Codigo/Codigo.srcs/sources_1/new/secuencia.sv}}
update_compile_order -fileset sources_1
close [ open {C:/Users/jflh0/OneDrive/Desktop/9NO SEMESTRE/Codigo/Codigo.srcs/sources_1/new/moore.sv} w ]
add_files {{C:/Users/jflh0/OneDrive/Desktop/9NO SEMESTRE/Codigo/Codigo.srcs/sources_1/new/moore.sv}}
update_compile_order -fileset sources_1
close [ open {C:/Users/jflh0/OneDrive/Desktop/9NO SEMESTRE/Codigo/Codigo.srcs/sources_1/new/Top.sv} w ]
add_files {{C:/Users/jflh0/OneDrive/Desktop/9NO SEMESTRE/Codigo/Codigo.srcs/sources_1/new/Top.sv}}
WARNING: [filemgmt 56-199] Attempt to get parsing info during refresh. "On-the-fly" syntax checking information may be incorrect. [C:\Users\jflh0\OneDrive\Desktop\9NO SEMESTRE\Codigo\Codigo.srcs\sources_1\new\secuencia.sv:]
WARNING: [filemgmt 56-199] Attempt to get parsing info during refresh. "On-the-fly" syntax checking information may be incorrect. [C:\Users\jflh0\OneDrive\Desktop\9NO SEMESTRE\Codigo\Codigo.srcs\sources_1\new\moore.sv:]
WARNING: [filemgmt 56-199] Attempt to get parsing info during refresh. "On-the-fly" syntax checking information may be incorrect. [C:\Users\jflh0\OneDrive\Desktop\9NO SEMESTRE\Codigo\Codigo.srcs\sources_1\new\secuencia.sv:]
WARNING: [filemgmt 56-199] Attempt to get parsing info during refresh. "On-the-fly" syntax checking information may be incorrect. [C:\Users\jflh0\OneDrive\Desktop\9NO SEMESTRE\Codigo\Codigo.srcs\sources_1\new\secuencia.sv:]
ERROR: [Common 17-180] Spawn failed: La operación se completó correctamente.

update_compile_order -fileset sources_1
WARNING: [filemgmt 56-199] Attempt to get parsing info during refresh. "On-the-fly" syntax checking information may be incorrect. [C:\Users\jflh0\OneDrive\Desktop\9NO SEMESTRE\Codigo\Codigo.srcs\sources_1\new\secuencia.sv:]
WARNING: [filemgmt 56-199] Attempt to get parsing info during refresh. "On-the-fly" syntax checking information may be incorrect. [C:\Users\jflh0\OneDrive\Desktop\9NO SEMESTRE\Codigo\Codigo.srcs\sources_1\new\moore.sv:]
WARNING: [filemgmt 56-199] Attempt to get parsing info during refresh. "On-the-fly" syntax checking information may be incorrect. [C:\Users\jflh0\OneDrive\Desktop\9NO SEMESTRE\Codigo\Codigo.srcs\sources_1\new\moore.sv:]
WARNING: [filemgmt 56-199] Attempt to get parsing info during refresh. "On-the-fly" syntax checking information may be incorrect. [C:\Users\jflh0\OneDrive\Desktop\9NO SEMESTRE\Codigo\Codigo.srcs\sources_1\new\moore.sv:]
ERROR: [Common 17-180] Spawn failed: La operación se completó correctamente.

WARNING: [filemgmt 56-199] Attempt to get parsing info during refresh. "On-the-fly" syntax checking information may be incorrect. [C:\Users\jflh0\OneDrive\Desktop\9NO SEMESTRE\Codigo\Codigo.srcs\sources_1\new\Top.sv:]
WARNING: [filemgmt 56-199] Attempt to get parsing info during refresh. "On-the-fly" syntax checking information may be incorrect. [C:\Users\jflh0\OneDrive\Desktop\9NO SEMESTRE\Codigo\Codigo.srcs\sources_1\new\secuencia.sv:]
WARNING: [filemgmt 56-199] Attempt to get parsing info during refresh. "On-the-fly" syntax checking information may be incorrect. [C:\Users\jflh0\OneDrive\Desktop\9NO SEMESTRE\Codigo\Codigo.srcs\sources_1\new\moore.sv:]
WARNING: [filemgmt 56-199] Attempt to get parsing info during refresh. "On-the-fly" syntax checking information may be incorrect. [C:\Users\jflh0\OneDrive\Desktop\9NO SEMESTRE\Codigo\Codigo.srcs\sources_1\new\secuencia.sv:]
WARNING: [filemgmt 56-199] Attempt to get parsing info during refresh. "On-the-fly" syntax checking information may be incorrect. [C:\Users\jflh0\OneDrive\Desktop\9NO SEMESTRE\Codigo\Codigo.srcs\sources_1\new\secuencia.sv:]
WARNING: [filemgmt 56-199] Attempt to get parsing info during refresh. "On-the-fly" syntax checking information may be incorrect. [C:\Users\jflh0\OneDrive\Desktop\9NO SEMESTRE\Codigo\Codigo.srcs\sources_1\new\Top.sv:]
WARNING: [filemgmt 56-199] Attempt to get parsing info during refresh. "On-the-fly" syntax checking information may be incorrect. [C:\Users\jflh0\OneDrive\Desktop\9NO SEMESTRE\Codigo\Codigo.srcs\sources_1\new\secuencia.sv:]
WARNING: [filemgmt 56-199] Attempt to get parsing info during refresh. "On-the-fly" syntax checking information may be incorrect. [C:\Users\jflh0\OneDrive\Desktop\9NO SEMESTRE\Codigo\Codigo.srcs\sources_1\new\moore.sv:]
WARNING: [filemgmt 56-199] Attempt to get parsing info during refresh. "On-the-fly" syntax checking information may be incorrect. [C:\Users\jflh0\OneDrive\Desktop\9NO SEMESTRE\Codigo\Codigo.srcs\sources_1\new\Top.sv:]
WARNING: [filemgmt 56-199] Attempt to get parsing info during refresh. "On-the-fly" syntax checking information may be incorrect. [C:\Users\jflh0\OneDrive\Desktop\9NO SEMESTRE\Codigo\Codigo.srcs\sources_1\new\Top.sv:]
update_compile_order -fileset sources_1
WARNING: [filemgmt 56-199] Attempt to get parsing info during refresh. "On-the-fly" syntax checking information may be incorrect. [C:\Users\jflh0\OneDrive\Desktop\9NO SEMESTRE\Codigo\Codigo.srcs\sources_1\new\Top.sv:]
WARNING: [filemgmt 56-199] Attempt to get parsing info during refresh. "On-the-fly" syntax checking information may be incorrect. [C:\Users\jflh0\OneDrive\Desktop\9NO SEMESTRE\Codigo\Codigo.srcs\sources_1\new\secuencia.sv:]
WARNING: [filemgmt 56-199] Attempt to get parsing info during refresh. "On-the-fly" syntax checking information may be incorrect. [C:\Users\jflh0\OneDrive\Desktop\9NO SEMESTRE\Codigo\Codigo.srcs\sources_1\new\moore.sv:]
WARNING: [filemgmt 56-199] Attempt to get parsing info during refresh. "On-the-fly" syntax checking information may be incorrect. [C:\Users\jflh0\OneDrive\Desktop\9NO SEMESTRE\Codigo\Codigo.srcs\sources_1\new\Top.sv:]
WARNING: [filemgmt 56-199] Attempt to get parsing info during refresh. "On-the-fly" syntax checking information may be incorrect. [C:\Users\jflh0\OneDrive\Desktop\9NO SEMESTRE\Codigo\Codigo.srcs\sources_1\new\Top.sv:]
WARNING: [filemgmt 56-199] Attempt to get parsing info during refresh. "On-the-fly" syntax checking information may be incorrect. [C:\Users\jflh0\OneDrive\Desktop\9NO SEMESTRE\Codigo\Codigo.srcs\sources_1\new\Top.sv:]
WARNING: [filemgmt 56-199] Attempt to get parsing info during refresh. "On-the-fly" syntax checking information may be incorrect. [C:\Users\jflh0\OneDrive\Desktop\9NO SEMESTRE\Codigo\Codigo.srcs\sources_1\new\secuencia.sv:]
WARNING: [filemgmt 56-199] Attempt to get parsing info during refresh. "On-the-fly" syntax checking information may be incorrect. [C:\Users\jflh0\OneDrive\Desktop\9NO SEMESTRE\Codigo\Codigo.srcs\sources_1\new\moore.sv:]
WARNING: [filemgmt 56-199] Attempt to get parsing info during refresh. "On-the-fly" syntax checking information may be incorrect. [C:\Users\jflh0\OneDrive\Desktop\9NO SEMESTRE\Codigo\Codigo.srcs\sources_1\new\moore.sv:]
WARNING: [filemgmt 56-199] Attempt to get parsing info during refresh. "On-the-fly" syntax checking information may be incorrect. [C:\Users\jflh0\OneDrive\Desktop\9NO SEMESTRE\Codigo\Codigo.srcs\sources_1\new\moore.sv:]
ERROR: [Common 17-180] Spawn failed: La operación se completó correctamente.

file mkdir C:/Users/jflh0/OneDrive/Desktop/9NO SEMESTRE/Codigo/Codigo.srcs/sim_1/new
file mkdir C:/Users/jflh0/OneDrive/Desktop/9NO SEMESTRE/Codigo/Codigo.srcs/sim_1/new
file mkdir C:/Users/jflh0/OneDrive/Desktop/9NO SEMESTRE/Codigo/Codigo.srcs/sim_1/new
file mkdir C:/Users/jflh0/OneDrive/Desktop/9NO SEMESTRE/Codigo/Codigo.srcs/sim_1/new
file mkdir C:/Users/jflh0/OneDrive/Desktop/9NO SEMESTRE/Codigo/Codigo.srcs/sim_1/new
set_property SOURCE_SET sources_1 [get_filesets sim_1]
file mkdir C:/Users/jflh0/OneDrive/Desktop/9NO SEMESTRE/Codigo/Codigo.srcs/sim_1/new
file mkdir {C:/Users/jflh0/OneDrive/Desktop/9NO SEMESTRE/Codigo/Codigo.srcs/sim_1/new}
close [ open {C:/Users/jflh0/OneDrive/Desktop/9NO SEMESTRE/Codigo/Codigo.srcs/sim_1/new/Top_tb.sv} w ]
add_files -fileset sim_1 {{C:/Users/jflh0/OneDrive/Desktop/9NO SEMESTRE/Codigo/Codigo.srcs/sim_1/new/Top_tb.sv}}
WARNING: [filemgmt 56-199] Attempt to get parsing info during refresh. "On-the-fly" syntax checking information may be incorrect. [C:\Users\jflh0\OneDrive\Desktop\9NO SEMESTRE\Codigo\Codigo.srcs\sources_1\new\Top.sv:]
WARNING: [filemgmt 56-199] Attempt to get parsing info during refresh. "On-the-fly" syntax checking information may be incorrect. [C:\Users\jflh0\OneDrive\Desktop\9NO SEMESTRE\Codigo\Codigo.srcs\sources_1\new\secuencia.sv:]
WARNING: [filemgmt 56-199] Attempt to get parsing info during refresh. "On-the-fly" syntax checking information may be incorrect. [C:\Users\jflh0\OneDrive\Desktop\9NO SEMESTRE\Codigo\Codigo.srcs\sources_1\new\moore.sv:]
WARNING: [filemgmt 56-199] Attempt to get parsing info during refresh. "On-the-fly" syntax checking information may be incorrect. [C:\Users\jflh0\OneDrive\Desktop\9NO SEMESTRE\Codigo\Codigo.srcs\sources_1\new\Top.sv:]
WARNING: [filemgmt 56-199] Attempt to get parsing info during refresh. "On-the-fly" syntax checking information may be incorrect. [C:\Users\jflh0\OneDrive\Desktop\9NO SEMESTRE\Codigo\Codigo.srcs\sources_1\new\Top.sv:]
WARNING: [filemgmt 56-199] Attempt to get parsing info during refresh. "On-the-fly" syntax checking information may be incorrect. [C:\Users\jflh0\OneDrive\Desktop\9NO SEMESTRE\Codigo\Codigo.srcs\sources_1\new\Top.sv:]
WARNING: [filemgmt 56-199] Attempt to get parsing info during refresh. "On-the-fly" syntax checking information may be incorrect. [C:\Users\jflh0\OneDrive\Desktop\9NO SEMESTRE\Codigo\Codigo.srcs\sources_1\new\secuencia.sv:]
WARNING: [filemgmt 56-199] Attempt to get parsing info during refresh. "On-the-fly" syntax checking information may be incorrect. [C:\Users\jflh0\OneDrive\Desktop\9NO SEMESTRE\Codigo\Codigo.srcs\sources_1\new\moore.sv:]
WARNING: [filemgmt 56-199] Attempt to get parsing info during refresh. "On-the-fly" syntax checking information may be incorrect. [C:\Users\jflh0\OneDrive\Desktop\9NO SEMESTRE\Codigo\Codigo.srcs\sources_1\new\secuencia.sv:]
WARNING: [filemgmt 56-199] Attempt to get parsing info during refresh. "On-the-fly" syntax checking information may be incorrect. [C:\Users\jflh0\OneDrive\Desktop\9NO SEMESTRE\Codigo\Codigo.srcs\sources_1\new\secuencia.sv:]
ERROR: [Common 17-180] Spawn failed: La operación se completó correctamente.

WARNING: [filemgmt 56-199] Attempt to get parsing info during refresh. "On-the-fly" syntax checking information may be incorrect. [C:\Users\jflh0\OneDrive\Desktop\9NO SEMESTRE\Codigo\Codigo.srcs\sources_1\new\Top.sv:]
WARNING: [filemgmt 56-199] Attempt to get parsing info during refresh. "On-the-fly" syntax checking information may be incorrect. [C:\Users\jflh0\OneDrive\Desktop\9NO SEMESTRE\Codigo\Codigo.srcs\sources_1\new\secuencia.sv:]
WARNING: [filemgmt 56-199] Attempt to get parsing info during refresh. "On-the-fly" syntax checking information may be incorrect. [C:\Users\jflh0\OneDrive\Desktop\9NO SEMESTRE\Codigo\Codigo.srcs\sources_1\new\moore.sv:]
WARNING: [filemgmt 56-199] Attempt to get parsing info during refresh. "On-the-fly" syntax checking information may be incorrect. [C:\Users\jflh0\OneDrive\Desktop\9NO SEMESTRE\Codigo\Codigo.srcs\sources_1\new\moore.sv:]
WARNING: [filemgmt 56-199] Attempt to get parsing info during refresh. "On-the-fly" syntax checking information may be incorrect. [C:\Users\jflh0\OneDrive\Desktop\9NO SEMESTRE\Codigo\Codigo.srcs\sources_1\new\moore.sv:]
update_compile_order -fileset sim_1
WARNING: [filemgmt 56-199] Attempt to get parsing info during refresh. "On-the-fly" syntax checking information may be incorrect. [C:\Users\jflh0\OneDrive\Desktop\9NO SEMESTRE\Codigo\Codigo.srcs\sources_1\new\Top.sv:]
WARNING: [filemgmt 56-199] Attempt to get parsing info during refresh. "On-the-fly" syntax checking information may be incorrect. [C:\Users\jflh0\OneDrive\Desktop\9NO SEMESTRE\Codigo\Codigo.srcs\sources_1\new\secuencia.sv:]
WARNING: [filemgmt 56-199] Attempt to get parsing info during refresh. "On-the-fly" syntax checking information may be incorrect. [C:\Users\jflh0\OneDrive\Desktop\9NO SEMESTRE\Codigo\Codigo.srcs\sources_1\new\moore.sv:]
WARNING: [filemgmt 56-199] Attempt to get parsing info during refresh. "On-the-fly" syntax checking information may be incorrect. [C:\Users\jflh0\OneDrive\Desktop\9NO SEMESTRE\Codigo\Codigo.srcs\sources_1\new\secuencia.sv:]
WARNING: [filemgmt 56-199] Attempt to get parsing info during refresh. "On-the-fly" syntax checking information may be incorrect. [C:\Users\jflh0\OneDrive\Desktop\9NO SEMESTRE\Codigo\Codigo.srcs\sources_1\new\secuencia.sv:]
WARNING: [filemgmt 56-199] Attempt to get parsing info during refresh. "On-the-fly" syntax checking information may be incorrect. [C:\Users\jflh0\OneDrive\Desktop\9NO SEMESTRE\Codigo\Codigo.srcs\sources_1\new\Top.sv:]
WARNING: [filemgmt 56-199] Attempt to get parsing info during refresh. "On-the-fly" syntax checking information may be incorrect. [C:\Users\jflh0\OneDrive\Desktop\9NO SEMESTRE\Codigo\Codigo.srcs\sources_1\new\secuencia.sv:]
WARNING: [filemgmt 56-199] Attempt to get parsing info during refresh. "On-the-fly" syntax checking information may be incorrect. [C:\Users\jflh0\OneDrive\Desktop\9NO SEMESTRE\Codigo\Codigo.srcs\sources_1\new\moore.sv:]
WARNING: [filemgmt 56-199] Attempt to get parsing info during refresh. "On-the-fly" syntax checking information may be incorrect. [C:\Users\jflh0\OneDrive\Desktop\9NO SEMESTRE\Codigo\Codigo.srcs\sources_1\new\Top.sv:]
WARNING: [filemgmt 56-199] Attempt to get parsing info during refresh. "On-the-fly" syntax checking information may be incorrect. [C:\Users\jflh0\OneDrive\Desktop\9NO SEMESTRE\Codigo\Codigo.srcs\sources_1\new\Top.sv:]
ERROR: [Common 17-180] Spawn failed: La operación se completó correctamente.

WARNING: [filemgmt 56-199] Attempt to get parsing info during refresh. "On-the-fly" syntax checking information may be incorrect. [C:\Users\jflh0\OneDrive\Desktop\9NO SEMESTRE\Codigo\Codigo.srcs\sources_1\new\Top.sv:]
WARNING: [filemgmt 56-199] Attempt to get parsing info during refresh. "On-the-fly" syntax checking information may be incorrect. [C:\Users\jflh0\OneDrive\Desktop\9NO SEMESTRE\Codigo\Codigo.srcs\sources_1\new\secuencia.sv:]
WARNING: [filemgmt 56-199] Attempt to get parsing info during refresh. "On-the-fly" syntax checking information may be incorrect. [C:\Users\jflh0\OneDrive\Desktop\9NO SEMESTRE\Codigo\Codigo.srcs\sources_1\new\moore.sv:]
WARNING: [filemgmt 56-199] Attempt to get parsing info during refresh. "On-the-fly" syntax checking information may be incorrect. [C:\Users\jflh0\OneDrive\Desktop\9NO SEMESTRE\Codigo\Codigo.srcs\sim_1\new\Top_tb.sv:]
WARNING: [filemgmt 56-199] Attempt to get parsing info during refresh. "On-the-fly" syntax checking information may be incorrect. [C:\Users\jflh0\OneDrive\Desktop\9NO SEMESTRE\Codigo\Codigo.srcs\sources_1\new\moore.sv:]
WARNING: [filemgmt 56-199] Attempt to get parsing info during refresh. "On-the-fly" syntax checking information may be incorrect. [C:\Users\jflh0\OneDrive\Desktop\9NO SEMESTRE\Codigo\Codigo.srcs\sources_1\new\moore.sv:]
WARNING: [filemgmt 56-199] Attempt to get parsing info during refresh. "On-the-fly" syntax checking information may be incorrect. [C:\Users\jflh0\OneDrive\Desktop\9NO SEMESTRE\Codigo\Codigo.srcs\sources_1\new\Top.sv:]
WARNING: [filemgmt 56-199] Attempt to get parsing info during refresh. "On-the-fly" syntax checking information may be incorrect. [C:\Users\jflh0\OneDrive\Desktop\9NO SEMESTRE\Codigo\Codigo.srcs\sources_1\new\secuencia.sv:]
WARNING: [filemgmt 56-199] Attempt to get parsing info during refresh. "On-the-fly" syntax checking information may be incorrect. [C:\Users\jflh0\OneDrive\Desktop\9NO SEMESTRE\Codigo\Codigo.srcs\sources_1\new\moore.sv:]
WARNING: [filemgmt 56-199] Attempt to get parsing info during refresh. "On-the-fly" syntax checking information may be incorrect. [C:\Users\jflh0\OneDrive\Desktop\9NO SEMESTRE\Codigo\Codigo.srcs\sim_1\new\Top_tb.sv:]
WARNING: [filemgmt 56-199] Attempt to get parsing info during refresh. "On-the-fly" syntax checking information may be incorrect. [C:\Users\jflh0\OneDrive\Desktop\9NO SEMESTRE\Codigo\Codigo.srcs\sources_1\new\Top.sv:]
WARNING: [filemgmt 56-199] Attempt to get parsing info during refresh. "On-the-fly" syntax checking information may be incorrect. [C:\Users\jflh0\OneDrive\Desktop\9NO SEMESTRE\Codigo\Codigo.srcs\sources_1\new\Top.sv:]
WARNING: [filemgmt 56-199] Attempt to get parsing info during refresh. "On-the-fly" syntax checking information may be incorrect. [C:\Users\jflh0\OneDrive\Desktop\9NO SEMESTRE\Codigo\Codigo.srcs\sources_1\new\Top.sv:]
WARNING: [filemgmt 56-199] Attempt to get parsing info during refresh. "On-the-fly" syntax checking information may be incorrect. [C:\Users\jflh0\OneDrive\Desktop\9NO SEMESTRE\Codigo\Codigo.srcs\sources_1\new\secuencia.sv:]
WARNING: [filemgmt 56-199] Attempt to get parsing info during refresh. "On-the-fly" syntax checking information may be incorrect. [C:\Users\jflh0\OneDrive\Desktop\9NO SEMESTRE\Codigo\Codigo.srcs\sources_1\new\moore.sv:]
WARNING: [filemgmt 56-199] Attempt to get parsing info during refresh. "On-the-fly" syntax checking information may be incorrect. [C:\Users\jflh0\OneDrive\Desktop\9NO SEMESTRE\Codigo\Codigo.srcs\sim_1\new\Top_tb.sv:]
WARNING: [filemgmt 56-199] Attempt to get parsing info during refresh. "On-the-fly" syntax checking information may be incorrect. [C:\Users\jflh0\OneDrive\Desktop\9NO SEMESTRE\Codigo\Codigo.srcs\sources_1\new\secuencia.sv:]
WARNING: [filemgmt 56-199] Attempt to get parsing info during refresh. "On-the-fly" syntax checking information may be incorrect. [C:\Users\jflh0\OneDrive\Desktop\9NO SEMESTRE\Codigo\Codigo.srcs\sources_1\new\secuencia.sv:]
WARNING: [filemgmt 56-199] Attempt to get parsing info during refresh. "On-the-fly" syntax checking information may be incorrect. [C:\Users\jflh0\OneDrive\Desktop\9NO SEMESTRE\Codigo\Codigo.srcs\sources_1\new\Top.sv:]
WARNING: [filemgmt 56-199] Attempt to get parsing info during refresh. "On-the-fly" syntax checking information may be incorrect. [C:\Users\jflh0\OneDrive\Desktop\9NO SEMESTRE\Codigo\Codigo.srcs\sources_1\new\secuencia.sv:]
WARNING: [filemgmt 56-199] Attempt to get parsing info during refresh. "On-the-fly" syntax checking information may be incorrect. [C:\Users\jflh0\OneDrive\Desktop\9NO SEMESTRE\Codigo\Codigo.srcs\sources_1\new\moore.sv:]
WARNING: [filemgmt 56-199] Attempt to get parsing info during refresh. "On-the-fly" syntax checking information may be incorrect. [C:\Users\jflh0\OneDrive\Desktop\9NO SEMESTRE\Codigo\Codigo.srcs\sim_1\new\Top_tb.sv:]
WARNING: [filemgmt 56-199] Attempt to get parsing info during refresh. "On-the-fly" syntax checking information may be incorrect. [C:\Users\jflh0\OneDrive\Desktop\9NO SEMESTRE\Codigo\Codigo.srcs\sources_1\new\secuencia.sv:]
WARNING: [filemgmt 56-199] Attempt to get parsing info during refresh. "On-the-fly" syntax checking information may be incorrect. [C:\Users\jflh0\OneDrive\Desktop\9NO SEMESTRE\Codigo\Codigo.srcs\sources_1\new\secuencia.sv:]
WARNING: [filemgmt 56-199] Attempt to get parsing info during refresh. "On-the-fly" syntax checking information may be incorrect. [C:\Users\jflh0\OneDrive\Desktop\9NO SEMESTRE\Codigo\Codigo.srcs\sources_1\new\Top.sv:]
WARNING: [filemgmt 56-199] Attempt to get parsing info during refresh. "On-the-fly" syntax checking information may be incorrect. [C:\Users\jflh0\OneDrive\Desktop\9NO SEMESTRE\Codigo\Codigo.srcs\sources_1\new\secuencia.sv:]
WARNING: [filemgmt 56-199] Attempt to get parsing info during refresh. "On-the-fly" syntax checking information may be incorrect. [C:\Users\jflh0\OneDrive\Desktop\9NO SEMESTRE\Codigo\Codigo.srcs\sources_1\new\moore.sv:]
WARNING: [filemgmt 56-199] Attempt to get parsing info during refresh. "On-the-fly" syntax checking information may be incorrect. [C:\Users\jflh0\OneDrive\Desktop\9NO SEMESTRE\Codigo\Codigo.srcs\sim_1\new\Top_tb.sv:]
WARNING: [filemgmt 56-199] Attempt to get parsing info during refresh. "On-the-fly" syntax checking information may be incorrect. [C:\Users\jflh0\OneDrive\Desktop\9NO SEMESTRE\Codigo\Codigo.srcs\sources_1\new\Top.sv:]
WARNING: [filemgmt 56-199] Attempt to get parsing info during refresh. "On-the-fly" syntax checking information may be incorrect. [C:\Users\jflh0\OneDrive\Desktop\9NO SEMESTRE\Codigo\Codigo.srcs\sources_1\new\Top.sv:]
WARNING: [filemgmt 56-199] Attempt to get parsing info during refresh. "On-the-fly" syntax checking information may be incorrect. [C:\Users\jflh0\OneDrive\Desktop\9NO SEMESTRE\Codigo\Codigo.srcs\sources_1\new\Top.sv:]
WARNING: [filemgmt 56-199] Attempt to get parsing info during refresh. "On-the-fly" syntax checking information may be incorrect. [C:\Users\jflh0\OneDrive\Desktop\9NO SEMESTRE\Codigo\Codigo.srcs\sources_1\new\secuencia.sv:]
WARNING: [filemgmt 56-199] Attempt to get parsing info during refresh. "On-the-fly" syntax checking information may be incorrect. [C:\Users\jflh0\OneDrive\Desktop\9NO SEMESTRE\Codigo\Codigo.srcs\sources_1\new\moore.sv:]
WARNING: [filemgmt 56-199] Attempt to get parsing info during refresh. "On-the-fly" syntax checking information may be incorrect. [C:\Users\jflh0\OneDrive\Desktop\9NO SEMESTRE\Codigo\Codigo.srcs\sim_1\new\Top_tb.sv:]
WARNING: [filemgmt 56-199] Attempt to get parsing info during refresh. "On-the-fly" syntax checking information may be incorrect. [C:\Users\jflh0\OneDrive\Desktop\9NO SEMESTRE\Codigo\Codigo.srcs\sim_1\new\Top_tb.sv:]
WARNING: [filemgmt 56-199] Attempt to get parsing info during refresh. "On-the-fly" syntax checking information may be incorrect. [C:\Users\jflh0\OneDrive\Desktop\9NO SEMESTRE\Codigo\Codigo.srcs\sim_1\new\Top_tb.sv:]
update_compile_order -fileset sim_1
WARNING: [filemgmt 56-199] Attempt to get parsing info during refresh. "On-the-fly" syntax checking information may be incorrect. [C:\Users\jflh0\OneDrive\Desktop\9NO SEMESTRE\Codigo\Codigo.srcs\sources_1\new\Top.sv:]
WARNING: [filemgmt 56-199] Attempt to get parsing info during refresh. "On-the-fly" syntax checking information may be incorrect. [C:\Users\jflh0\OneDrive\Desktop\9NO SEMESTRE\Codigo\Codigo.srcs\sources_1\new\secuencia.sv:]
WARNING: [filemgmt 56-199] Attempt to get parsing info during refresh. "On-the-fly" syntax checking information may be incorrect. [C:\Users\jflh0\OneDrive\Desktop\9NO SEMESTRE\Codigo\Codigo.srcs\sources_1\new\moore.sv:]
WARNING: [filemgmt 56-199] Attempt to get parsing info during refresh. "On-the-fly" syntax checking information may be incorrect. [C:\Users\jflh0\OneDrive\Desktop\9NO SEMESTRE\Codigo\Codigo.srcs\sim_1\new\Top_tb.sv:]
WARNING: [filemgmt 56-199] Attempt to get parsing info during refresh. "On-the-fly" syntax checking information may be incorrect. [C:\Users\jflh0\OneDrive\Desktop\9NO SEMESTRE\Codigo\Codigo.srcs\sources_1\new\moore.sv:]
WARNING: [filemgmt 56-199] Attempt to get parsing info during refresh. "On-the-fly" syntax checking information may be incorrect. [C:\Users\jflh0\OneDrive\Desktop\9NO SEMESTRE\Codigo\Codigo.srcs\sources_1\new\moore.sv:]
WARNING: [filemgmt 56-199] Attempt to get parsing info during refresh. "On-the-fly" syntax checking information may be incorrect. [C:\Users\jflh0\OneDrive\Desktop\9NO SEMESTRE\Codigo\Codigo.srcs\sources_1\new\Top.sv:]
WARNING: [filemgmt 56-199] Attempt to get parsing info during refresh. "On-the-fly" syntax checking information may be incorrect. [C:\Users\jflh0\OneDrive\Desktop\9NO SEMESTRE\Codigo\Codigo.srcs\sources_1\new\secuencia.sv:]
WARNING: [filemgmt 56-199] Attempt to get parsing info during refresh. "On-the-fly" syntax checking information may be incorrect. [C:\Users\jflh0\OneDrive\Desktop\9NO SEMESTRE\Codigo\Codigo.srcs\sources_1\new\moore.sv:]
WARNING: [filemgmt 56-199] Attempt to get parsing info during refresh. "On-the-fly" syntax checking information may be incorrect. [C:\Users\jflh0\OneDrive\Desktop\9NO SEMESTRE\Codigo\Codigo.srcs\sim_1\new\Top_tb.sv:]
WARNING: [filemgmt 56-199] Attempt to get parsing info during refresh. "On-the-fly" syntax checking information may be incorrect. [C:\Users\jflh0\OneDrive\Desktop\9NO SEMESTRE\Codigo\Codigo.srcs\sources_1\new\Top.sv:]
WARNING: [filemgmt 56-199] Attempt to get parsing info during refresh. "On-the-fly" syntax checking information may be incorrect. [C:\Users\jflh0\OneDrive\Desktop\9NO SEMESTRE\Codigo\Codigo.srcs\sources_1\new\Top.sv:]
WARNING: [filemgmt 56-199] Attempt to get parsing info during refresh. "On-the-fly" syntax checking information may be incorrect. [C:\Users\jflh0\OneDrive\Desktop\9NO SEMESTRE\Codigo\Codigo.srcs\sources_1\new\Top.sv:]
WARNING: [filemgmt 56-199] Attempt to get parsing info during refresh. "On-the-fly" syntax checking information may be incorrect. [C:\Users\jflh0\OneDrive\Desktop\9NO SEMESTRE\Codigo\Codigo.srcs\sources_1\new\secuencia.sv:]
WARNING: [filemgmt 56-199] Attempt to get parsing info during refresh. "On-the-fly" syntax checking information may be incorrect. [C:\Users\jflh0\OneDrive\Desktop\9NO SEMESTRE\Codigo\Codigo.srcs\sources_1\new\moore.sv:]
WARNING: [filemgmt 56-199] Attempt to get parsing info during refresh. "On-the-fly" syntax checking information may be incorrect. [C:\Users\jflh0\OneDrive\Desktop\9NO SEMESTRE\Codigo\Codigo.srcs\sim_1\new\Top_tb.sv:]
WARNING: [filemgmt 56-199] Attempt to get parsing info during refresh. "On-the-fly" syntax checking information may be incorrect. [C:\Users\jflh0\OneDrive\Desktop\9NO SEMESTRE\Codigo\Codigo.srcs\sim_1\new\Top_tb.sv:]
WARNING: [filemgmt 56-199] Attempt to get parsing info during refresh. "On-the-fly" syntax checking information may be incorrect. [C:\Users\jflh0\OneDrive\Desktop\9NO SEMESTRE\Codigo\Codigo.srcs\sim_1\new\Top_tb.sv:]
launch_simulation
Command: launch_simulation 
INFO: [Vivado 12-12493] Simulation top is 'Top_tb'
INFO: [Vivado 12-5682] Launching behavioral simulation in 'C:/Users/jflh0/OneDrive/Desktop/9NO SEMESTRE/Codigo/Codigo.sim/sim_1/behav/xsim'
INFO: [SIM-utils-51] Simulation object is 'sim_1'
INFO: [SIM-utils-72] Using boost library from 'C:/Xilinx/2025.1/Vivado/tps/boost_1_72_0'
INFO: [SIM-utils-54] Inspecting design source files for 'Top_tb' in fileset 'sim_1'...
INFO: [USF-XSim-97] Finding global include files...
INFO: [USF-XSim-98] Fetching design files from 'sim_1'...
INFO: [USF-XSim-2] XSim::Compile design
INFO: [USF-XSim-61] Executing 'COMPILE and ANALYZE' step in 'C:/Users/jflh0/OneDrive/Desktop/9NO SEMESTRE/Codigo/Codigo.sim/sim_1/behav/xsim'
"xvlog --incr --relax -L uvm -prj Top_tb_vlog.prj"
INFO: [VRFC 10-2263] Analyzing SystemVerilog file "C:/Users/jflh0/OneDrive/Desktop/9NO SEMESTRE/Codigo/Codigo.srcs/sources_1/new/Top.sv" into library xil_defaultlib
INFO: [VRFC 10-311] analyzing module Top
INFO: [VRFC 10-2263] Analyzing SystemVerilog file "C:/Users/jflh0/OneDrive/Desktop/9NO SEMESTRE/Codigo/Codigo.srcs/sim_1/new/Top_tb.sv" into library xil_defaultlib
INFO: [VRFC 10-311] analyzing module Top_tb
INFO: [VRFC 10-2263] Analyzing Verilog file "C:/Users/jflh0/OneDrive/Desktop/9NO SEMESTRE/Codigo/Codigo.sim/sim_1/behav/xsim/glbl.v" into library xil_defaultlib
INFO: [VRFC 10-311] analyzing module glbl
INFO: [USF-XSim-69] 'compile' step finished in '3' seconds
INFO: [USF-XSim-3] XSim::Elaborate design
INFO: [USF-XSim-61] Executing 'ELABORATE' step in 'C:/Users/jflh0/OneDrive/Desktop/9NO SEMESTRE/Codigo/Codigo.sim/sim_1/behav/xsim'
"xelab --incr --debug typical --relax --mt 2 -L xil_defaultlib -L uvm -L unisims_ver -L unimacro_ver -L secureip --snapshot Top_tb_behav xil_defaultlib.Top_tb xil_defaultlib.glbl -log elaborate.log"
Vivado Simulator v2025.1.0
Copyright 1986-2022 Xilinx, Inc. All Rights Reserved.
Copyright 2022-2025 Advanced Micro Devices, Inc. All Rights Reserved.
Running: C:/Xilinx/2025.1/Vivado/bin/unwrapped/win64.o/xelab.exe --incr --debug typical --relax --mt 2 -L xil_defaultlib -L uvm -L unisims_ver -L unimacro_ver -L secureip --snapshot Top_tb_behav xil_defaultlib.Top_tb xil_defaultlib.glbl -log elaborate.log 
Using 2 slave threads.
Starting static elaboration
Pass Through NonSizing Optimizer
ERROR: [VRFC 10-2538] module instantiation should have an instance name [C:/Users/jflh0/OneDrive/Desktop/9NO SEMESTRE/Codigo/Codigo.srcs/sim_1/new/Top_tb.sv:37]
ERROR: [VRFC 10-2063] Module <mealy> not found while processing module instance <U1> [C:/Users/jflh0/OneDrive/Desktop/9NO SEMESTRE/Codigo/Codigo.srcs/sources_1/new/Top.sv:32]
ERROR: [VRFC 10-2063] Module <moore> not found while processing module instance <U2> [C:/Users/jflh0/OneDrive/Desktop/9NO SEMESTRE/Codigo/Codigo.srcs/sources_1/new/Top.sv:39]
ERROR: [XSIM 43-3322] Static elaboration of top level Verilog design unit(s) in library work failed.
INFO: [USF-XSim-69] 'elaborate' step finished in '2' seconds
INFO: [USF-XSim-99] Step results log file:'C:/Users/jflh0/OneDrive/Desktop/9NO SEMESTRE/Codigo/Codigo.sim/sim_1/behav/xsim/elaborate.log'
ERROR: [USF-XSim-62] 'elaborate' step failed with error(s). Please check the Tcl console output or 'C:/Users/jflh0/OneDrive/Desktop/9NO SEMESTRE/Codigo/Codigo.sim/sim_1/behav/xsim/elaborate.log' file for more information.
ERROR: [Vivado 12-4473] Detected error while running simulation. Please correct the issue and retry this operation.
launch_simulation: Time (s): cpu = 00:00:01 ; elapsed = 00:00:06 . Memory (MB): peak = 1669.586 ; gain = 7.941
ERROR: [Common 17-39] 'launch_simulation' failed due to earlier errors.
set_property top Top [get_filesets sim_1]
set_property top_lib xil_defaultlib [get_filesets sim_1]
WARNING: [filemgmt 56-199] Attempt to get parsing info during refresh. "On-the-fly" syntax checking information may be incorrect. [C:\Users\jflh0\OneDrive\Desktop\9NO SEMESTRE\Codigo\Codigo.srcs\sources_1\new\Top.sv:]
WARNING: [filemgmt 56-199] Attempt to get parsing info during refresh. "On-the-fly" syntax checking information may be incorrect. [C:\Users\jflh0\OneDrive\Desktop\9NO SEMESTRE\Codigo\Codigo.srcs\sources_1\new\secuencia.sv:]
WARNING: [filemgmt 56-199] Attempt to get parsing info during refresh. "On-the-fly" syntax checking information may be incorrect. [C:\Users\jflh0\OneDrive\Desktop\9NO SEMESTRE\Codigo\Codigo.srcs\sources_1\new\moore.sv:]
WARNING: [filemgmt 56-199] Attempt to get parsing info during refresh. "On-the-fly" syntax checking information may be incorrect. [C:\Users\jflh0\OneDrive\Desktop\9NO SEMESTRE\Codigo\Codigo.srcs\sim_1\new\Top_tb.sv:]
WARNING: [filemgmt 56-199] Attempt to get parsing info during refresh. "On-the-fly" syntax checking information may be incorrect. [C:\Users\jflh0\OneDrive\Desktop\9NO SEMESTRE\Codigo\Codigo.srcs\sources_1\new\secuencia.sv:]
WARNING: [filemgmt 56-199] Attempt to get parsing info during refresh. "On-the-fly" syntax checking information may be incorrect. [C:\Users\jflh0\OneDrive\Desktop\9NO SEMESTRE\Codigo\Codigo.srcs\sources_1\new\secuencia.sv:]
WARNING: [filemgmt 56-199] Attempt to get parsing info during refresh. "On-the-fly" syntax checking information may be incorrect. [C:\Users\jflh0\OneDrive\Desktop\9NO SEMESTRE\Codigo\Codigo.srcs\sources_1\new\Top.sv:]
WARNING: [filemgmt 56-199] Attempt to get parsing info during refresh. "On-the-fly" syntax checking information may be incorrect. [C:\Users\jflh0\OneDrive\Desktop\9NO SEMESTRE\Codigo\Codigo.srcs\sources_1\new\secuencia.sv:]
WARNING: [filemgmt 56-199] Attempt to get parsing info during refresh. "On-the-fly" syntax checking information may be incorrect. [C:\Users\jflh0\OneDrive\Desktop\9NO SEMESTRE\Codigo\Codigo.srcs\sources_1\new\moore.sv:]
WARNING: [filemgmt 56-199] Attempt to get parsing info during refresh. "On-the-fly" syntax checking information may be incorrect. [C:\Users\jflh0\OneDrive\Desktop\9NO SEMESTRE\Codigo\Codigo.srcs\sim_1\new\Top_tb.sv:]
WARNING: [filemgmt 56-199] Attempt to get parsing info during refresh. "On-the-fly" syntax checking information may be incorrect. [C:\Users\jflh0\OneDrive\Desktop\9NO SEMESTRE\Codigo\Codigo.srcs\sources_1\new\moore.sv:]
WARNING: [filemgmt 56-199] Attempt to get parsing info during refresh. "On-the-fly" syntax checking information may be incorrect. [C:\Users\jflh0\OneDrive\Desktop\9NO SEMESTRE\Codigo\Codigo.srcs\sources_1\new\moore.sv:]
WARNING: [filemgmt 56-199] Attempt to get parsing info during refresh. "On-the-fly" syntax checking information may be incorrect. [C:\Users\jflh0\OneDrive\Desktop\9NO SEMESTRE\Codigo\Codigo.srcs\sources_1\new\Top.sv:]
WARNING: [filemgmt 56-199] Attempt to get parsing info during refresh. "On-the-fly" syntax checking information may be incorrect. [C:\Users\jflh0\OneDrive\Desktop\9NO SEMESTRE\Codigo\Codigo.srcs\sources_1\new\secuencia.sv:]
WARNING: [filemgmt 56-199] Attempt to get parsing info during refresh. "On-the-fly" syntax checking information may be incorrect. [C:\Users\jflh0\OneDrive\Desktop\9NO SEMESTRE\Codigo\Codigo.srcs\sources_1\new\moore.sv:]
WARNING: [filemgmt 56-199] Attempt to get parsing info during refresh. "On-the-fly" syntax checking information may be incorrect. [C:\Users\jflh0\OneDrive\Desktop\9NO SEMESTRE\Codigo\Codigo.srcs\sim_1\new\Top_tb.sv:]
WARNING: [filemgmt 56-199] Attempt to get parsing info during refresh. "On-the-fly" syntax checking information may be incorrect. [C:\Users\jflh0\OneDrive\Desktop\9NO SEMESTRE\Codigo\Codigo.srcs\sim_1\new\Top_tb.sv:]
WARNING: [filemgmt 56-199] Attempt to get parsing info during refresh. "On-the-fly" syntax checking information may be incorrect. [C:\Users\jflh0\OneDrive\Desktop\9NO SEMESTRE\Codigo\Codigo.srcs\sim_1\new\Top_tb.sv:]
ERROR: [Common 17-180] Spawn failed: La operación se completó correctamente.

update_compile_order -fileset sim_1
WARNING: [filemgmt 56-199] Attempt to get parsing info during refresh. "On-the-fly" syntax checking information may be incorrect. [C:\Users\jflh0\OneDrive\Desktop\9NO SEMESTRE\Codigo\Codigo.srcs\sources_1\new\Top.sv:]
WARNING: [filemgmt 56-199] Attempt to get parsing info during refresh. "On-the-fly" syntax checking information may be incorrect. [C:\Users\jflh0\OneDrive\Desktop\9NO SEMESTRE\Codigo\Codigo.srcs\sources_1\new\secuencia.sv:]
WARNING: [filemgmt 56-199] Attempt to get parsing info during refresh. "On-the-fly" syntax checking information may be incorrect. [C:\Users\jflh0\OneDrive\Desktop\9NO SEMESTRE\Codigo\Codigo.srcs\sources_1\new\moore.sv:]
WARNING: [filemgmt 56-199] Attempt to get parsing info during refresh. "On-the-fly" syntax checking information may be incorrect. [C:\Users\jflh0\OneDrive\Desktop\9NO SEMESTRE\Codigo\Codigo.srcs\sim_1\new\Top_tb.sv:]
WARNING: [filemgmt 56-199] Attempt to get parsing info during refresh. "On-the-fly" syntax checking information may be incorrect. [C:\Users\jflh0\OneDrive\Desktop\9NO SEMESTRE\Codigo\Codigo.srcs\sources_1\new\secuencia.sv:]
WARNING: [filemgmt 56-199] Attempt to get parsing info during refresh. "On-the-fly" syntax checking information may be incorrect. [C:\Users\jflh0\OneDrive\Desktop\9NO SEMESTRE\Codigo\Codigo.srcs\sources_1\new\secuencia.sv:]
WARNING: [filemgmt 56-199] Attempt to get parsing info during refresh. "On-the-fly" syntax checking information may be incorrect. [C:\Users\jflh0\OneDrive\Desktop\9NO SEMESTRE\Codigo\Codigo.srcs\sources_1\new\Top.sv:]
WARNING: [filemgmt 56-199] Attempt to get parsing info during refresh. "On-the-fly" syntax checking information may be incorrect. [C:\Users\jflh0\OneDrive\Desktop\9NO SEMESTRE\Codigo\Codigo.srcs\sources_1\new\secuencia.sv:]
WARNING: [filemgmt 56-199] Attempt to get parsing info during refresh. "On-the-fly" syntax checking information may be incorrect. [C:\Users\jflh0\OneDrive\Desktop\9NO SEMESTRE\Codigo\Codigo.srcs\sources_1\new\moore.sv:]
WARNING: [filemgmt 56-199] Attempt to get parsing info during refresh. "On-the-fly" syntax checking information may be incorrect. [C:\Users\jflh0\OneDrive\Desktop\9NO SEMESTRE\Codigo\Codigo.srcs\sim_1\new\Top_tb.sv:]
WARNING: [filemgmt 56-199] Attempt to get parsing info during refresh. "On-the-fly" syntax checking information may be incorrect. [C:\Users\jflh0\OneDrive\Desktop\9NO SEMESTRE\Codigo\Codigo.srcs\sources_1\new\moore.sv:]
WARNING: [filemgmt 56-199] Attempt to get parsing info during refresh. "On-the-fly" syntax checking information may be incorrect. [C:\Users\jflh0\OneDrive\Desktop\9NO SEMESTRE\Codigo\Codigo.srcs\sources_1\new\moore.sv:]
WARNING: [filemgmt 56-199] Attempt to get parsing info during refresh. "On-the-fly" syntax checking information may be incorrect. [C:\Users\jflh0\OneDrive\Desktop\9NO SEMESTRE\Codigo\Codigo.srcs\sources_1\new\Top.sv:]
WARNING: [filemgmt 56-199] Attempt to get parsing info during refresh. "On-the-fly" syntax checking information may be incorrect. [C:\Users\jflh0\OneDrive\Desktop\9NO SEMESTRE\Codigo\Codigo.srcs\sources_1\new\secuencia.sv:]
WARNING: [filemgmt 56-199] Attempt to get parsing info during refresh. "On-the-fly" syntax checking information may be incorrect. [C:\Users\jflh0\OneDrive\Desktop\9NO SEMESTRE\Codigo\Codigo.srcs\sources_1\new\moore.sv:]
WARNING: [filemgmt 56-199] Attempt to get parsing info during refresh. "On-the-fly" syntax checking information may be incorrect. [C:\Users\jflh0\OneDrive\Desktop\9NO SEMESTRE\Codigo\Codigo.srcs\sim_1\new\Top_tb.sv:]
WARNING: [filemgmt 56-199] Attempt to get parsing info during refresh. "On-the-fly" syntax checking information may be incorrect. [C:\Users\jflh0\OneDrive\Desktop\9NO SEMESTRE\Codigo\Codigo.srcs\sources_1\new\Top.sv:]
WARNING: [filemgmt 56-199] Attempt to get parsing info during refresh. "On-the-fly" syntax checking information may be incorrect. [C:\Users\jflh0\OneDrive\Desktop\9NO SEMESTRE\Codigo\Codigo.srcs\sources_1\new\Top.sv:]
set_property top Top_tb [get_filesets sim_1]
set_property top_lib xil_defaultlib [get_filesets sim_1]
WARNING: [filemgmt 56-199] Attempt to get parsing info during refresh. "On-the-fly" syntax checking information may be incorrect. [C:\Users\jflh0\OneDrive\Desktop\9NO SEMESTRE\Codigo\Codigo.srcs\sources_1\new\Top.sv:]
WARNING: [filemgmt 56-199] Attempt to get parsing info during refresh. "On-the-fly" syntax checking information may be incorrect. [C:\Users\jflh0\OneDrive\Desktop\9NO SEMESTRE\Codigo\Codigo.srcs\sources_1\new\secuencia.sv:]
WARNING: [filemgmt 56-199] Attempt to get parsing info during refresh. "On-the-fly" syntax checking information may be incorrect. [C:\Users\jflh0\OneDrive\Desktop\9NO SEMESTRE\Codigo\Codigo.srcs\sources_1\new\moore.sv:]
WARNING: [filemgmt 56-199] Attempt to get parsing info during refresh. "On-the-fly" syntax checking information may be incorrect. [C:\Users\jflh0\OneDrive\Desktop\9NO SEMESTRE\Codigo\Codigo.srcs\sim_1\new\Top_tb.sv:]
WARNING: [filemgmt 56-199] Attempt to get parsing info during refresh. "On-the-fly" syntax checking information may be incorrect. [C:\Users\jflh0\OneDrive\Desktop\9NO SEMESTRE\Codigo\Codigo.srcs\sources_1\new\moore.sv:]
WARNING: [filemgmt 56-199] Attempt to get parsing info during refresh. "On-the-fly" syntax checking information may be incorrect. [C:\Users\jflh0\OneDrive\Desktop\9NO SEMESTRE\Codigo\Codigo.srcs\sources_1\new\moore.sv:]
WARNING: [filemgmt 56-199] Attempt to get parsing info during refresh. "On-the-fly" syntax checking information may be incorrect. [C:\Users\jflh0\OneDrive\Desktop\9NO SEMESTRE\Codigo\Codigo.srcs\sources_1\new\Top.sv:]
WARNING: [filemgmt 56-199] Attempt to get parsing info during refresh. "On-the-fly" syntax checking information may be incorrect. [C:\Users\jflh0\OneDrive\Desktop\9NO SEMESTRE\Codigo\Codigo.srcs\sources_1\new\secuencia.sv:]
WARNING: [filemgmt 56-199] Attempt to get parsing info during refresh. "On-the-fly" syntax checking information may be incorrect. [C:\Users\jflh0\OneDrive\Desktop\9NO SEMESTRE\Codigo\Codigo.srcs\sources_1\new\moore.sv:]
WARNING: [filemgmt 56-199] Attempt to get parsing info during refresh. "On-the-fly" syntax checking information may be incorrect. [C:\Users\jflh0\OneDrive\Desktop\9NO SEMESTRE\Codigo\Codigo.srcs\sim_1\new\Top_tb.sv:]
WARNING: [filemgmt 56-199] Attempt to get parsing info during refresh. "On-the-fly" syntax checking information may be incorrect. [C:\Users\jflh0\OneDrive\Desktop\9NO SEMESTRE\Codigo\Codigo.srcs\sources_1\new\Top.sv:]
WARNING: [filemgmt 56-199] Attempt to get parsing info during refresh. "On-the-fly" syntax checking information may be incorrect. [C:\Users\jflh0\OneDrive\Desktop\9NO SEMESTRE\Codigo\Codigo.srcs\sources_1\new\Top.sv:]
WARNING: [filemgmt 56-199] Attempt to get parsing info during refresh. "On-the-fly" syntax checking information may be incorrect. [C:\Users\jflh0\OneDrive\Desktop\9NO SEMESTRE\Codigo\Codigo.srcs\sources_1\new\Top.sv:]
WARNING: [filemgmt 56-199] Attempt to get parsing info during refresh. "On-the-fly" syntax checking information may be incorrect. [C:\Users\jflh0\OneDrive\Desktop\9NO SEMESTRE\Codigo\Codigo.srcs\sources_1\new\secuencia.sv:]
WARNING: [filemgmt 56-199] Attempt to get parsing info during refresh. "On-the-fly" syntax checking information may be incorrect. [C:\Users\jflh0\OneDrive\Desktop\9NO SEMESTRE\Codigo\Codigo.srcs\sources_1\new\moore.sv:]
WARNING: [filemgmt 56-199] Attempt to get parsing info during refresh. "On-the-fly" syntax checking information may be incorrect. [C:\Users\jflh0\OneDrive\Desktop\9NO SEMESTRE\Codigo\Codigo.srcs\sim_1\new\Top_tb.sv:]
WARNING: [filemgmt 56-199] Attempt to get parsing info during refresh. "On-the-fly" syntax checking information may be incorrect. [C:\Users\jflh0\OneDrive\Desktop\9NO SEMESTRE\Codigo\Codigo.srcs\sim_1\new\Top_tb.sv:]
WARNING: [filemgmt 56-199] Attempt to get parsing info during refresh. "On-the-fly" syntax checking information may be incorrect. [C:\Users\jflh0\OneDrive\Desktop\9NO SEMESTRE\Codigo\Codigo.srcs\sim_1\new\Top_tb.sv:]
ERROR: [Common 17-180] Spawn failed: La operación se completó correctamente.

update_compile_order -fileset sim_1
WARNING: [filemgmt 56-199] Attempt to get parsing info during refresh. "On-the-fly" syntax checking information may be incorrect. [C:\Users\jflh0\OneDrive\Desktop\9NO SEMESTRE\Codigo\Codigo.srcs\sources_1\new\Top.sv:]
WARNING: [filemgmt 56-199] Attempt to get parsing info during refresh. "On-the-fly" syntax checking information may be incorrect. [C:\Users\jflh0\OneDrive\Desktop\9NO SEMESTRE\Codigo\Codigo.srcs\sources_1\new\secuencia.sv:]
WARNING: [filemgmt 56-199] Attempt to get parsing info during refresh. "On-the-fly" syntax checking information may be incorrect. [C:\Users\jflh0\OneDrive\Desktop\9NO SEMESTRE\Codigo\Codigo.srcs\sources_1\new\moore.sv:]
WARNING: [filemgmt 56-199] Attempt to get parsing info during refresh. "On-the-fly" syntax checking information may be incorrect. [C:\Users\jflh0\OneDrive\Desktop\9NO SEMESTRE\Codigo\Codigo.srcs\sim_1\new\Top_tb.sv:]
WARNING: [filemgmt 56-199] Attempt to get parsing info during refresh. "On-the-fly" syntax checking information may be incorrect. [C:\Users\jflh0\OneDrive\Desktop\9NO SEMESTRE\Codigo\Codigo.srcs\sources_1\new\secuencia.sv:]
WARNING: [filemgmt 56-199] Attempt to get parsing info during refresh. "On-the-fly" syntax checking information may be incorrect. [C:\Users\jflh0\OneDrive\Desktop\9NO SEMESTRE\Codigo\Codigo.srcs\sources_1\new\secuencia.sv:]
WARNING: [filemgmt 56-199] Attempt to get parsing info during refresh. "On-the-fly" syntax checking information may be incorrect. [C:\Users\jflh0\OneDrive\Desktop\9NO SEMESTRE\Codigo\Codigo.srcs\sources_1\new\Top.sv:]
WARNING: [filemgmt 56-199] Attempt to get parsing info during refresh. "On-the-fly" syntax checking information may be incorrect. [C:\Users\jflh0\OneDrive\Desktop\9NO SEMESTRE\Codigo\Codigo.srcs\sources_1\new\secuencia.sv:]
WARNING: [filemgmt 56-199] Attempt to get parsing info during refresh. "On-the-fly" syntax checking information may be incorrect. [C:\Users\jflh0\OneDrive\Desktop\9NO SEMESTRE\Codigo\Codigo.srcs\sources_1\new\moore.sv:]
WARNING: [filemgmt 56-199] Attempt to get parsing info during refresh. "On-the-fly" syntax checking information may be incorrect. [C:\Users\jflh0\OneDrive\Desktop\9NO SEMESTRE\Codigo\Codigo.srcs\sim_1\new\Top_tb.sv:]
WARNING: [filemgmt 56-199] Attempt to get parsing info during refresh. "On-the-fly" syntax checking information may be incorrect. [C:\Users\jflh0\OneDrive\Desktop\9NO SEMESTRE\Codigo\Codigo.srcs\sources_1\new\moore.sv:]
WARNING: [filemgmt 56-199] Attempt to get parsing info during refresh. "On-the-fly" syntax checking information may be incorrect. [C:\Users\jflh0\OneDrive\Desktop\9NO SEMESTRE\Codigo\Codigo.srcs\sources_1\new\moore.sv:]
WARNING: [filemgmt 56-199] Attempt to get parsing info during refresh. "On-the-fly" syntax checking information may be incorrect. [C:\Users\jflh0\OneDrive\Desktop\9NO SEMESTRE\Codigo\Codigo.srcs\sources_1\new\Top.sv:]
WARNING: [filemgmt 56-199] Attempt to get parsing info during refresh. "On-the-fly" syntax checking information may be incorrect. [C:\Users\jflh0\OneDrive\Desktop\9NO SEMESTRE\Codigo\Codigo.srcs\sources_1\new\secuencia.sv:]
WARNING: [filemgmt 56-199] Attempt to get parsing info during refresh. "On-the-fly" syntax checking information may be incorrect. [C:\Users\jflh0\OneDrive\Desktop\9NO SEMESTRE\Codigo\Codigo.srcs\sources_1\new\moore.sv:]
WARNING: [filemgmt 56-199] Attempt to get parsing info during refresh. "On-the-fly" syntax checking information may be incorrect. [C:\Users\jflh0\OneDrive\Desktop\9NO SEMESTRE\Codigo\Codigo.srcs\sim_1\new\Top_tb.sv:]
WARNING: [filemgmt 56-199] Attempt to get parsing info during refresh. "On-the-fly" syntax checking information may be incorrect. [C:\Users\jflh0\OneDrive\Desktop\9NO SEMESTRE\Codigo\Codigo.srcs\sources_1\new\Top.sv:]
WARNING: [filemgmt 56-199] Attempt to get parsing info during refresh. "On-the-fly" syntax checking information may be incorrect. [C:\Users\jflh0\OneDrive\Desktop\9NO SEMESTRE\Codigo\Codigo.srcs\sources_1\new\Top.sv:]
launch_simulation
Command: launch_simulation 
INFO: [Vivado 12-12493] Simulation top is 'Top_tb'
INFO: [Vivado 12-5682] Launching behavioral simulation in 'C:/Users/jflh0/OneDrive/Desktop/9NO SEMESTRE/Codigo/Codigo.sim/sim_1/behav/xsim'
INFO: [SIM-utils-51] Simulation object is 'sim_1'
INFO: [SIM-utils-72] Using boost library from 'C:/Xilinx/2025.1/Vivado/tps/boost_1_72_0'
INFO: [SIM-utils-54] Inspecting design source files for 'Top_tb' in fileset 'sim_1'...
INFO: [USF-XSim-97] Finding global include files...
INFO: [USF-XSim-98] Fetching design files from 'sim_1'...
INFO: [USF-XSim-2] XSim::Compile design
INFO: [USF-XSim-61] Executing 'COMPILE and ANALYZE' step in 'C:/Users/jflh0/OneDrive/Desktop/9NO SEMESTRE/Codigo/Codigo.sim/sim_1/behav/xsim'
"xvlog --incr --relax -L uvm -prj Top_tb_vlog.prj"
INFO: [USF-XSim-69] 'compile' step finished in '2' seconds
INFO: [USF-XSim-3] XSim::Elaborate design
INFO: [USF-XSim-61] Executing 'ELABORATE' step in 'C:/Users/jflh0/OneDrive/Desktop/9NO SEMESTRE/Codigo/Codigo.sim/sim_1/behav/xsim'
"xelab --incr --debug typical --relax --mt 2 -L xil_defaultlib -L uvm -L unisims_ver -L unimacro_ver -L secureip --snapshot Top_tb_behav xil_defaultlib.Top_tb xil_defaultlib.glbl -log elaborate.log"
Vivado Simulator v2025.1.0
Copyright 1986-2022 Xilinx, Inc. All Rights Reserved.
Copyright 2022-2025 Advanced Micro Devices, Inc. All Rights Reserved.
Running: C:/Xilinx/2025.1/Vivado/bin/unwrapped/win64.o/xelab.exe --incr --debug typical --relax --mt 2 -L xil_defaultlib -L uvm -L unisims_ver -L unimacro_ver -L secureip --snapshot Top_tb_behav xil_defaultlib.Top_tb xil_defaultlib.glbl -log elaborate.log 
Using 2 slave threads.
Starting static elaboration
Pass Through NonSizing Optimizer
ERROR: [VRFC 10-2538] module instantiation should have an instance name [C:/Users/jflh0/OneDrive/Desktop/9NO SEMESTRE/Codigo/Codigo.srcs/sim_1/new/Top_tb.sv:37]
ERROR: [VRFC 10-2063] Module <mealy> not found while processing module instance <U1> [C:/Users/jflh0/OneDrive/Desktop/9NO SEMESTRE/Codigo/Codigo.srcs/sources_1/new/Top.sv:32]
ERROR: [VRFC 10-2063] Module <moore> not found while processing module instance <U2> [C:/Users/jflh0/OneDrive/Desktop/9NO SEMESTRE/Codigo/Codigo.srcs/sources_1/new/Top.sv:39]
ERROR: [XSIM 43-3322] Static elaboration of top level Verilog design unit(s) in library work failed.
INFO: [USF-XSim-69] 'elaborate' step finished in '1' seconds
INFO: [USF-XSim-99] Step results log file:'C:/Users/jflh0/OneDrive/Desktop/9NO SEMESTRE/Codigo/Codigo.sim/sim_1/behav/xsim/elaborate.log'
ERROR: [USF-XSim-62] 'elaborate' step failed with error(s). Please check the Tcl console output or 'C:/Users/jflh0/OneDrive/Desktop/9NO SEMESTRE/Codigo/Codigo.sim/sim_1/behav/xsim/elaborate.log' file for more information.
ERROR: [Vivado 12-4473] Detected error while running simulation. Please correct the issue and retry this operation.
ERROR: [Common 17-39] 'launch_simulation' failed due to earlier errors.
WARNING: [filemgmt 56-199] Attempt to get parsing info during refresh. "On-the-fly" syntax checking information may be incorrect. [C:\Users\jflh0\OneDrive\Desktop\9NO SEMESTRE\Codigo\Codigo.srcs\sources_1\new\Top.sv:]
WARNING: [filemgmt 56-199] Attempt to get parsing info during refresh. "On-the-fly" syntax checking information may be incorrect. [C:\Users\jflh0\OneDrive\Desktop\9NO SEMESTRE\Codigo\Codigo.srcs\sources_1\new\secuencia.sv:]
WARNING: [filemgmt 56-199] Attempt to get parsing info during refresh. "On-the-fly" syntax checking information may be incorrect. [C:\Users\jflh0\OneDrive\Desktop\9NO SEMESTRE\Codigo\Codigo.srcs\sources_1\new\moore.sv:]
WARNING: [filemgmt 56-199] Attempt to get parsing info during refresh. "On-the-fly" syntax checking information may be incorrect. [C:\Users\jflh0\OneDrive\Desktop\9NO SEMESTRE\Codigo\Codigo.srcs\sim_1\new\Top_tb.sv:]
WARNING: [filemgmt 56-199] Attempt to get parsing info during refresh. "On-the-fly" syntax checking information may be incorrect. [C:\Users\jflh0\OneDrive\Desktop\9NO SEMESTRE\Codigo\Codigo.srcs\sources_1\new\moore.sv:]
WARNING: [filemgmt 56-199] Attempt to get parsing info during refresh. "On-the-fly" syntax checking information may be incorrect. [C:\Users\jflh0\OneDrive\Desktop\9NO SEMESTRE\Codigo\Codigo.srcs\sources_1\new\moore.sv:]
update_compile_order -fileset sources_1
WARNING: [filemgmt 56-199] Attempt to get parsing info during refresh. "On-the-fly" syntax checking information may be incorrect. [C:\Users\jflh0\OneDrive\Desktop\9NO SEMESTRE\Codigo\Codigo.srcs\sources_1\new\Top.sv:]
WARNING: [filemgmt 56-199] Attempt to get parsing info during refresh. "On-the-fly" syntax checking information may be incorrect. [C:\Users\jflh0\OneDrive\Desktop\9NO SEMESTRE\Codigo\Codigo.srcs\sources_1\new\secuencia.sv:]
WARNING: [filemgmt 56-199] Attempt to get parsing info during refresh. "On-the-fly" syntax checking information may be incorrect. [C:\Users\jflh0\OneDrive\Desktop\9NO SEMESTRE\Codigo\Codigo.srcs\sources_1\new\moore.sv:]
WARNING: [filemgmt 56-199] Attempt to get parsing info during refresh. "On-the-fly" syntax checking information may be incorrect. [C:\Users\jflh0\OneDrive\Desktop\9NO SEMESTRE\Codigo\Codigo.srcs\sim_1\new\Top_tb.sv:]
WARNING: [filemgmt 56-199] Attempt to get parsing info during refresh. "On-the-fly" syntax checking information may be incorrect. [C:\Users\jflh0\OneDrive\Desktop\9NO SEMESTRE\Codigo\Codigo.srcs\sources_1\new\secuencia.sv:]
WARNING: [filemgmt 56-199] Attempt to get parsing info during refresh. "On-the-fly" syntax checking information may be incorrect. [C:\Users\jflh0\OneDrive\Desktop\9NO SEMESTRE\Codigo\Codigo.srcs\sources_1\new\secuencia.sv:]
WARNING: [filemgmt 56-199] Attempt to get parsing info during refresh. "On-the-fly" syntax checking information may be incorrect. [C:\Users\jflh0\OneDrive\Desktop\9NO SEMESTRE\Codigo\Codigo.srcs\sources_1\new\Top.sv:]
WARNING: [filemgmt 56-199] Attempt to get parsing info during refresh. "On-the-fly" syntax checking information may be incorrect. [C:\Users\jflh0\OneDrive\Desktop\9NO SEMESTRE\Codigo\Codigo.srcs\sources_1\new\secuencia.sv:]
WARNING: [filemgmt 56-199] Attempt to get parsing info during refresh. "On-the-fly" syntax checking information may be incorrect. [C:\Users\jflh0\OneDrive\Desktop\9NO SEMESTRE\Codigo\Codigo.srcs\sources_1\new\moore.sv:]
WARNING: [filemgmt 56-199] Attempt to get parsing info during refresh. "On-the-fly" syntax checking information may be incorrect. [C:\Users\jflh0\OneDrive\Desktop\9NO SEMESTRE\Codigo\Codigo.srcs\sim_1\new\Top_tb.sv:]
WARNING: [filemgmt 56-199] Attempt to get parsing info during refresh. "On-the-fly" syntax checking information may be incorrect. [C:\Users\jflh0\OneDrive\Desktop\9NO SEMESTRE\Codigo\Codigo.srcs\sources_1\new\moore.sv:]
WARNING: [filemgmt 56-199] Attempt to get parsing info during refresh. "On-the-fly" syntax checking information may be incorrect. [C:\Users\jflh0\OneDrive\Desktop\9NO SEMESTRE\Codigo\Codigo.srcs\sources_1\new\moore.sv:]
WARNING: [filemgmt 56-199] Attempt to get parsing info during refresh. "On-the-fly" syntax checking information may be incorrect. [C:\Users\jflh0\OneDrive\Desktop\9NO SEMESTRE\Codigo\Codigo.srcs\sources_1\new\Top.sv:]
WARNING: [filemgmt 56-199] Attempt to get parsing info during refresh. "On-the-fly" syntax checking information may be incorrect. [C:\Users\jflh0\OneDrive\Desktop\9NO SEMESTRE\Codigo\Codigo.srcs\sources_1\new\secuencia.sv:]
WARNING: [filemgmt 56-199] Attempt to get parsing info during refresh. "On-the-fly" syntax checking information may be incorrect. [C:\Users\jflh0\OneDrive\Desktop\9NO SEMESTRE\Codigo\Codigo.srcs\sources_1\new\moore.sv:]
WARNING: [filemgmt 56-199] Attempt to get parsing info during refresh. "On-the-fly" syntax checking information may be incorrect. [C:\Users\jflh0\OneDrive\Desktop\9NO SEMESTRE\Codigo\Codigo.srcs\sim_1\new\Top_tb.sv:]
WARNING: [filemgmt 56-199] Attempt to get parsing info during refresh. "On-the-fly" syntax checking information may be incorrect. [C:\Users\jflh0\OneDrive\Desktop\9NO SEMESTRE\Codigo\Codigo.srcs\sources_1\new\Top.sv:]
WARNING: [filemgmt 56-199] Attempt to get parsing info during refresh. "On-the-fly" syntax checking information may be incorrect. [C:\Users\jflh0\OneDrive\Desktop\9NO SEMESTRE\Codigo\Codigo.srcs\sources_1\new\Top.sv:]
WARNING: [filemgmt 56-199] Attempt to get parsing info during refresh. "On-the-fly" syntax checking information may be incorrect. [C:\Users\jflh0\OneDrive\Desktop\9NO SEMESTRE\Codigo\Codigo.srcs\sources_1\new\Top.sv:]
WARNING: [filemgmt 56-199] Attempt to get parsing info during refresh. "On-the-fly" syntax checking information may be incorrect. [C:\Users\jflh0\OneDrive\Desktop\9NO SEMESTRE\Codigo\Codigo.srcs\sources_1\new\secuencia.sv:]
WARNING: [filemgmt 56-199] Attempt to get parsing info during refresh. "On-the-fly" syntax checking information may be incorrect. [C:\Users\jflh0\OneDrive\Desktop\9NO SEMESTRE\Codigo\Codigo.srcs\sources_1\new\moore.sv:]
WARNING: [filemgmt 56-199] Attempt to get parsing info during refresh. "On-the-fly" syntax checking information may be incorrect. [C:\Users\jflh0\OneDrive\Desktop\9NO SEMESTRE\Codigo\Codigo.srcs\sim_1\new\Top_tb.sv:]
WARNING: [filemgmt 56-199] Attempt to get parsing info during refresh. "On-the-fly" syntax checking information may be incorrect. [C:\Users\jflh0\OneDrive\Desktop\9NO SEMESTRE\Codigo\Codigo.srcs\sim_1\new\Top_tb.sv:]
WARNING: [filemgmt 56-199] Attempt to get parsing info during refresh. "On-the-fly" syntax checking information may be incorrect. [C:\Users\jflh0\OneDrive\Desktop\9NO SEMESTRE\Codigo\Codigo.srcs\sim_1\new\Top_tb.sv:]
WARNING: [filemgmt 56-199] Attempt to get parsing info during refresh. "On-the-fly" syntax checking information may be incorrect. [C:\Users\jflh0\OneDrive\Desktop\9NO SEMESTRE\Codigo\Codigo.srcs\sources_1\new\Top.sv:]
WARNING: [filemgmt 56-199] Attempt to get parsing info during refresh. "On-the-fly" syntax checking information may be incorrect. [C:\Users\jflh0\OneDrive\Desktop\9NO SEMESTRE\Codigo\Codigo.srcs\sources_1\new\secuencia.sv:]
WARNING: [filemgmt 56-199] Attempt to get parsing info during refresh. "On-the-fly" syntax checking information may be incorrect. [C:\Users\jflh0\OneDrive\Desktop\9NO SEMESTRE\Codigo\Codigo.srcs\sources_1\new\moore.sv:]
WARNING: [filemgmt 56-199] Attempt to get parsing info during refresh. "On-the-fly" syntax checking information may be incorrect. [C:\Users\jflh0\OneDrive\Desktop\9NO SEMESTRE\Codigo\Codigo.srcs\sim_1\new\Top_tb.sv:]
WARNING: [filemgmt 56-199] Attempt to get parsing info during refresh. "On-the-fly" syntax checking information may be incorrect. [C:\Users\jflh0\OneDrive\Desktop\9NO SEMESTRE\Codigo\Codigo.srcs\sources_1\new\secuencia.sv:]
WARNING: [filemgmt 56-199] Attempt to get parsing info during refresh. "On-the-fly" syntax checking information may be incorrect. [C:\Users\jflh0\OneDrive\Desktop\9NO SEMESTRE\Codigo\Codigo.srcs\sources_1\new\secuencia.sv:]
WARNING: [filemgmt 56-199] Attempt to get parsing info during refresh. "On-the-fly" syntax checking information may be incorrect. [C:\Users\jflh0\OneDrive\Desktop\9NO SEMESTRE\Codigo\Codigo.srcs\sources_1\new\Top.sv:]
WARNING: [filemgmt 56-199] Attempt to get parsing info during refresh. "On-the-fly" syntax checking information may be incorrect. [C:\Users\jflh0\OneDrive\Desktop\9NO SEMESTRE\Codigo\Codigo.srcs\sources_1\new\secuencia.sv:]
WARNING: [filemgmt 56-199] Attempt to get parsing info during refresh. "On-the-fly" syntax checking information may be incorrect. [C:\Users\jflh0\OneDrive\Desktop\9NO SEMESTRE\Codigo\Codigo.srcs\sources_1\new\moore.sv:]
WARNING: [filemgmt 56-199] Attempt to get parsing info during refresh. "On-the-fly" syntax checking information may be incorrect. [C:\Users\jflh0\OneDrive\Desktop\9NO SEMESTRE\Codigo\Codigo.srcs\sim_1\new\Top_tb.sv:]
WARNING: [filemgmt 56-199] Attempt to get parsing info during refresh. "On-the-fly" syntax checking information may be incorrect. [C:\Users\jflh0\OneDrive\Desktop\9NO SEMESTRE\Codigo\Codigo.srcs\sim_1\new\Top_tb.sv:]
WARNING: [filemgmt 56-199] Attempt to get parsing info during refresh. "On-the-fly" syntax checking information may be incorrect. [C:\Users\jflh0\OneDrive\Desktop\9NO SEMESTRE\Codigo\Codigo.srcs\sim_1\new\Top_tb.sv:]
WARNING: [filemgmt 56-199] Attempt to get parsing info during refresh. "On-the-fly" syntax checking information may be incorrect. [C:\Users\jflh0\OneDrive\Desktop\9NO SEMESTRE\Codigo\Codigo.srcs\sources_1\new\Top.sv:]
WARNING: [filemgmt 56-199] Attempt to get parsing info during refresh. "On-the-fly" syntax checking information may be incorrect. [C:\Users\jflh0\OneDrive\Desktop\9NO SEMESTRE\Codigo\Codigo.srcs\sources_1\new\secuencia.sv:]
WARNING: [filemgmt 56-199] Attempt to get parsing info during refresh. "On-the-fly" syntax checking information may be incorrect. [C:\Users\jflh0\OneDrive\Desktop\9NO SEMESTRE\Codigo\Codigo.srcs\sources_1\new\moore.sv:]
WARNING: [filemgmt 56-199] Attempt to get parsing info during refresh. "On-the-fly" syntax checking information may be incorrect. [C:\Users\jflh0\OneDrive\Desktop\9NO SEMESTRE\Codigo\Codigo.srcs\sim_1\new\Top_tb.sv:]
WARNING: [filemgmt 56-199] Attempt to get parsing info during refresh. "On-the-fly" syntax checking information may be incorrect. [C:\Users\jflh0\OneDrive\Desktop\9NO SEMESTRE\Codigo\Codigo.srcs\sources_1\new\Top.sv:]
WARNING: [filemgmt 56-199] Attempt to get parsing info during refresh. "On-the-fly" syntax checking information may be incorrect. [C:\Users\jflh0\OneDrive\Desktop\9NO SEMESTRE\Codigo\Codigo.srcs\sources_1\new\Top.sv:]
launch_simulation
Command: launch_simulation 
INFO: [Vivado 12-12493] Simulation top is 'Top_tb'
INFO: [Vivado 12-5682] Launching behavioral simulation in 'C:/Users/jflh0/OneDrive/Desktop/9NO SEMESTRE/Codigo/Codigo.sim/sim_1/behav/xsim'
INFO: [SIM-utils-51] Simulation object is 'sim_1'
INFO: [SIM-utils-72] Using boost library from 'C:/Xilinx/2025.1/Vivado/tps/boost_1_72_0'
INFO: [SIM-utils-54] Inspecting design source files for 'Top_tb' in fileset 'sim_1'...
INFO: [USF-XSim-97] Finding global include files...
INFO: [USF-XSim-98] Fetching design files from 'sim_1'...
INFO: [USF-XSim-2] XSim::Compile design
INFO: [USF-XSim-61] Executing 'COMPILE and ANALYZE' step in 'C:/Users/jflh0/OneDrive/Desktop/9NO SEMESTRE/Codigo/Codigo.sim/sim_1/behav/xsim'
"xvlog --incr --relax -L uvm -prj Top_tb_vlog.prj"
INFO: [VRFC 10-2263] Analyzing SystemVerilog file "C:/Users/jflh0/OneDrive/Desktop/9NO SEMESTRE/Codigo/Codigo.srcs/sources_1/new/Top.sv" into library xil_defaultlib
INFO: [VRFC 10-311] analyzing module Top
INFO: [VRFC 10-2263] Analyzing SystemVerilog file "C:/Users/jflh0/OneDrive/Desktop/9NO SEMESTRE/Codigo/Codigo.srcs/sources_1/new/moore.sv" into library xil_defaultlib
INFO: [VRFC 10-311] analyzing module maqmoore
INFO: [VRFC 10-2263] Analyzing SystemVerilog file "C:/Users/jflh0/OneDrive/Desktop/9NO SEMESTRE/Codigo/Codigo.srcs/sources_1/new/secuencia.sv" into library xil_defaultlib
INFO: [VRFC 10-311] analyzing module maqmealy
INFO: [VRFC 10-2263] Analyzing SystemVerilog file "C:/Users/jflh0/OneDrive/Desktop/9NO SEMESTRE/Codigo/Codigo.srcs/sim_1/new/Top_tb.sv" into library xil_defaultlib
INFO: [VRFC 10-311] analyzing module Top_tb
INFO: [USF-XSim-69] 'compile' step finished in '1' seconds
INFO: [USF-XSim-3] XSim::Elaborate design
INFO: [USF-XSim-61] Executing 'ELABORATE' step in 'C:/Users/jflh0/OneDrive/Desktop/9NO SEMESTRE/Codigo/Codigo.sim/sim_1/behav/xsim'
"xelab --incr --debug typical --relax --mt 2 -L xil_defaultlib -L uvm -L unisims_ver -L unimacro_ver -L secureip --snapshot Top_tb_behav xil_defaultlib.Top_tb xil_defaultlib.glbl -log elaborate.log"
Vivado Simulator v2025.1.0
Copyright 1986-2022 Xilinx, Inc. All Rights Reserved.
Copyright 2022-2025 Advanced Micro Devices, Inc. All Rights Reserved.
Running: C:/Xilinx/2025.1/Vivado/bin/unwrapped/win64.o/xelab.exe --incr --debug typical --relax --mt 2 -L xil_defaultlib -L uvm -L unisims_ver -L unimacro_ver -L secureip --snapshot Top_tb_behav xil_defaultlib.Top_tb xil_defaultlib.glbl -log elaborate.log 
Using 2 slave threads.
Starting static elaboration
Pass Through NonSizing Optimizer
Completed static elaboration
Starting simulation data flow analysis
Completed simulation data flow analysis
Time Resolution for simulation is 1ps
Compiling module xil_defaultlib.maqmealy
Compiling module xil_defaultlib.maqmoore
Compiling module xil_defaultlib.Top
Compiling module xil_defaultlib.Top_tb
Compiling module xil_defaultlib.glbl
Built simulation snapshot Top_tb_behav
run_program: Time (s): cpu = 00:00:00 ; elapsed = 00:00:08 . Memory (MB): peak = 1669.586 ; gain = 0.000
INFO: [USF-XSim-69] 'elaborate' step finished in '8' seconds
INFO: [USF-XSim-4] XSim::Simulate design
INFO: [USF-XSim-61] Executing 'SIMULATE' step in 'C:/Users/jflh0/OneDrive/Desktop/9NO SEMESTRE/Codigo/Codigo.sim/sim_1/behav/xsim'
INFO: [USF-XSim-98] *** Running xsim
   with args "Top_tb_behav -key {Behavioral:sim_1:Functional:Top_tb} -tclbatch {Top_tb.tcl} -log {simulate.log}"
INFO: [USF-XSim-8] Loading simulator feature
Time resolution is 1 ps
source Top_tb.tcl
# set curr_wave [current_wave_config]
# if { [string length $curr_wave] == 0 } {
#   if { [llength [get_objects]] > 0} {
#     add_wave /
#     set_property needs_save false [current_wave_config]
#   } else {
#      send_msg_id Add_Wave-1 WARNING "No top level signals found. Simulator will start without a wave window. If you want to open a wave window go to 'File->New Waveform Configuration' or type 'create_wave_config' in the TCL console."
#   }
# }
# run 1000ns
Tiempo=0 | Reset=1 | Entrada=0 | Mealy=0 | Moore=0
Tiempo=12000 | Reset=0 | Entrada=1 | Mealy=0 | Moore=0
Tiempo=32000 | Reset=0 | Entrada=0 | Mealy=0 | Moore=0
Tiempo=52000 | Reset=0 | Entrada=1 | Mealy=0 | Moore=0
Tiempo=72000 | Reset=0 | Entrada=0 | Mealy=0 | Moore=0
Tiempo=92000 | Reset=0 | Entrada=1 | Mealy=0 | Moore=0
Tiempo=112000 | Reset=0 | Entrada=0 | Mealy=1 | Moore=0
Tiempo=115000 | Reset=0 | Entrada=0 | Mealy=0 | Moore=1
Tiempo=125000 | Reset=0 | Entrada=0 | Mealy=0 | Moore=0
Tiempo=132000 | Reset=0 | Entrada=1 | Mealy=0 | Moore=0
Tiempo=152000 | Reset=0 | Entrada=0 | Mealy=1 | Moore=0
Tiempo=155000 | Reset=0 | Entrada=0 | Mealy=0 | Moore=1
Tiempo=165000 | Reset=0 | Entrada=0 | Mealy=0 | Moore=0
$finish called at time : 172 ns : File "C:/Users/jflh0/OneDrive/Desktop/9NO SEMESTRE/Codigo/Codigo.srcs/sim_1/new/Top_tb.sv" Line 87
INFO: [USF-XSim-96] XSim completed. Design snapshot 'Top_tb_behav' loaded.
INFO: [USF-XSim-97] XSim simulation ran for 1000ns
launch_simulation: Time (s): cpu = 00:00:01 ; elapsed = 00:00:12 . Memory (MB): peak = 1696.387 ; gain = 26.801
WARNING: [filemgmt 56-199] Attempt to get parsing info during refresh. "On-the-fly" syntax checking information may be incorrect. [C:\Users\jflh0\OneDrive\Desktop\9NO SEMESTRE\Codigo\Codigo.srcs\sources_1\new\Top.sv:]
WARNING: [filemgmt 56-199] Attempt to get parsing info during refresh. "On-the-fly" syntax checking information may be incorrect. [C:\Users\jflh0\OneDrive\Desktop\9NO SEMESTRE\Codigo\Codigo.srcs\sources_1\new\secuencia.sv:]
WARNING: [filemgmt 56-199] Attempt to get parsing info during refresh. "On-the-fly" syntax checking information may be incorrect. [C:\Users\jflh0\OneDrive\Desktop\9NO SEMESTRE\Codigo\Codigo.srcs\sources_1\new\moore.sv:]
WARNING: [filemgmt 56-199] Attempt to get parsing info during refresh. "On-the-fly" syntax checking information may be incorrect. [C:\Users\jflh0\OneDrive\Desktop\9NO SEMESTRE\Codigo\Codigo.srcs\sim_1\new\Top_tb.sv:]
WARNING: [filemgmt 56-199] Attempt to get parsing info during refresh. "On-the-fly" syntax checking information may be incorrect. [C:\Users\jflh0\OneDrive\Desktop\9NO SEMESTRE\Codigo\Codigo.srcs\sources_1\new\Top.sv:]
WARNING: [filemgmt 56-199] Attempt to get parsing info during refresh. "On-the-fly" syntax checking information may be incorrect. [C:\Users\jflh0\OneDrive\Desktop\9NO SEMESTRE\Codigo\Codigo.srcs\sources_1\new\Top.sv:]
WARNING: [filemgmt 56-199] Attempt to get parsing info during refresh. "On-the-fly" syntax checking information may be incorrect. [C:\Users\jflh0\OneDrive\Desktop\9NO SEMESTRE\Codigo\Codigo.srcs\sources_1\new\Top.sv:]
WARNING: [filemgmt 56-199] Attempt to get parsing info during refresh. "On-the-fly" syntax checking information may be incorrect. [C:\Users\jflh0\OneDrive\Desktop\9NO SEMESTRE\Codigo\Codigo.srcs\sources_1\new\secuencia.sv:]
WARNING: [filemgmt 56-199] Attempt to get parsing info during refresh. "On-the-fly" syntax checking information may be incorrect. [C:\Users\jflh0\OneDrive\Desktop\9NO SEMESTRE\Codigo\Codigo.srcs\sources_1\new\moore.sv:]
WARNING: [filemgmt 56-199] Attempt to get parsing info during refresh. "On-the-fly" syntax checking information may be incorrect. [C:\Users\jflh0\OneDrive\Desktop\9NO SEMESTRE\Codigo\Codigo.srcs\sim_1\new\Top_tb.sv:]
WARNING: [filemgmt 56-199] Attempt to get parsing info during refresh. "On-the-fly" syntax checking information may be incorrect. [C:\Users\jflh0\OneDrive\Desktop\9NO SEMESTRE\Codigo\Codigo.srcs\sources_1\new\secuencia.sv:]
WARNING: [filemgmt 56-199] Attempt to get parsing info during refresh. "On-the-fly" syntax checking information may be incorrect. [C:\Users\jflh0\OneDrive\Desktop\9NO SEMESTRE\Codigo\Codigo.srcs\sources_1\new\secuencia.sv:]
WARNING: [filemgmt 56-199] Attempt to get parsing info during refresh. "On-the-fly" syntax checking information may be incorrect. [C:\Users\jflh0\OneDrive\Desktop\9NO SEMESTRE\Codigo\Codigo.srcs\sources_1\new\Top.sv:]
WARNING: [filemgmt 56-199] Attempt to get parsing info during refresh. "On-the-fly" syntax checking information may be incorrect. [C:\Users\jflh0\OneDrive\Desktop\9NO SEMESTRE\Codigo\Codigo.srcs\sources_1\new\secuencia.sv:]
WARNING: [filemgmt 56-199] Attempt to get parsing info during refresh. "On-the-fly" syntax checking information may be incorrect. [C:\Users\jflh0\OneDrive\Desktop\9NO SEMESTRE\Codigo\Codigo.srcs\sources_1\new\moore.sv:]
WARNING: [filemgmt 56-199] Attempt to get parsing info during refresh. "On-the-fly" syntax checking information may be incorrect. [C:\Users\jflh0\OneDrive\Desktop\9NO SEMESTRE\Codigo\Codigo.srcs\sim_1\new\Top_tb.sv:]
WARNING: [filemgmt 56-199] Attempt to get parsing info during refresh. "On-the-fly" syntax checking information may be incorrect. [C:\Users\jflh0\OneDrive\Desktop\9NO SEMESTRE\Codigo\Codigo.srcs\sim_1\new\Top_tb.sv:]
WARNING: [filemgmt 56-199] Attempt to get parsing info during refresh. "On-the-fly" syntax checking information may be incorrect. [C:\Users\jflh0\OneDrive\Desktop\9NO SEMESTRE\Codigo\Codigo.srcs\sim_1\new\Top_tb.sv:]
ERROR: [Common 17-180] Spawn failed: La operación se completó correctamente.

close_sim
INFO: [Simtcl 6-16] Simulation closed
launch_simulation
Command: launch_simulation 
INFO: [Vivado 12-12493] Simulation top is 'Top_tb'
INFO: [Vivado 12-5682] Launching behavioral simulation in 'C:/Users/jflh0/OneDrive/Desktop/9NO SEMESTRE/Codigo/Codigo.sim/sim_1/behav/xsim'
INFO: [SIM-utils-51] Simulation object is 'sim_1'
INFO: [SIM-utils-72] Using boost library from 'C:/Xilinx/2025.1/Vivado/tps/boost_1_72_0'
INFO: [SIM-utils-54] Inspecting design source files for 'Top_tb' in fileset 'sim_1'...
INFO: [USF-XSim-97] Finding global include files...
INFO: [USF-XSim-98] Fetching design files from 'sim_1'...
INFO: [USF-XSim-2] XSim::Compile design
INFO: [USF-XSim-61] Executing 'COMPILE and ANALYZE' step in 'C:/Users/jflh0/OneDrive/Desktop/9NO SEMESTRE/Codigo/Codigo.sim/sim_1/behav/xsim'
"xvlog --incr --relax -L uvm -prj Top_tb_vlog.prj"
INFO: [VRFC 10-2263] Analyzing SystemVerilog file "C:/Users/jflh0/OneDrive/Desktop/9NO SEMESTRE/Codigo/Codigo.srcs/sources_1/new/Top.sv" into library xil_defaultlib
INFO: [VRFC 10-311] analyzing module Top
INFO: [VRFC 10-2263] Analyzing SystemVerilog file "C:/Users/jflh0/OneDrive/Desktop/9NO SEMESTRE/Codigo/Codigo.srcs/sources_1/new/moore.sv" into library xil_defaultlib
INFO: [VRFC 10-311] analyzing module maqmoore
INFO: [VRFC 10-2263] Analyzing SystemVerilog file "C:/Users/jflh0/OneDrive/Desktop/9NO SEMESTRE/Codigo/Codigo.srcs/sources_1/new/secuencia.sv" into library xil_defaultlib
INFO: [VRFC 10-311] analyzing module maqmealy
INFO: [VRFC 10-2263] Analyzing SystemVerilog file "C:/Users/jflh0/OneDrive/Desktop/9NO SEMESTRE/Codigo/Codigo.srcs/sim_1/new/Top_tb.sv" into library xil_defaultlib
INFO: [VRFC 10-311] analyzing module Top_tb
WARNING: [VRFC 10-965] invalid size of integer constant literal [C:/Users/jflh0/OneDrive/Desktop/9NO SEMESTRE/Codigo/Codigo.srcs/sim_1/new/Top_tb.sv:69]
WARNING: [VRFC 10-965] invalid size of integer constant literal [C:/Users/jflh0/OneDrive/Desktop/9NO SEMESTRE/Codigo/Codigo.srcs/sim_1/new/Top_tb.sv:72]
WARNING: [VRFC 10-965] invalid size of integer constant literal [C:/Users/jflh0/OneDrive/Desktop/9NO SEMESTRE/Codigo/Codigo.srcs/sim_1/new/Top_tb.sv:73]
WARNING: [VRFC 10-965] invalid size of integer constant literal [C:/Users/jflh0/OneDrive/Desktop/9NO SEMESTRE/Codigo/Codigo.srcs/sim_1/new/Top_tb.sv:76]
INFO: [USF-XSim-69] 'compile' step finished in '1' seconds
INFO: [USF-XSim-3] XSim::Elaborate design
INFO: [USF-XSim-61] Executing 'ELABORATE' step in 'C:/Users/jflh0/OneDrive/Desktop/9NO SEMESTRE/Codigo/Codigo.sim/sim_1/behav/xsim'
"xelab --incr --debug typical --relax --mt 2 -L xil_defaultlib -L uvm -L unisims_ver -L unimacro_ver -L secureip --snapshot Top_tb_behav xil_defaultlib.Top_tb xil_defaultlib.glbl -log elaborate.log"
Vivado Simulator v2025.1.0
Copyright 1986-2022 Xilinx, Inc. All Rights Reserved.
Copyright 2022-2025 Advanced Micro Devices, Inc. All Rights Reserved.
Running: C:/Xilinx/2025.1/Vivado/bin/unwrapped/win64.o/xelab.exe --incr --debug typical --relax --mt 2 -L xil_defaultlib -L uvm -L unisims_ver -L unimacro_ver -L secureip --snapshot Top_tb_behav xil_defaultlib.Top_tb xil_defaultlib.glbl -log elaborate.log 
Using 2 slave threads.
Starting static elaboration
Pass Through NonSizing Optimizer
Completed static elaboration
Starting simulation data flow analysis
Completed simulation data flow analysis
Time Resolution for simulation is 1ps
Compiling module xil_defaultlib.maqmealy
Compiling module xil_defaultlib.maqmoore
Compiling module xil_defaultlib.Top
Compiling module xil_defaultlib.Top_tb
Compiling module xil_defaultlib.glbl
Built simulation snapshot Top_tb_behav
INFO: [USF-XSim-69] 'elaborate' step finished in '2' seconds
INFO: [USF-XSim-4] XSim::Simulate design
INFO: [USF-XSim-61] Executing 'SIMULATE' step in 'C:/Users/jflh0/OneDrive/Desktop/9NO SEMESTRE/Codigo/Codigo.sim/sim_1/behav/xsim'
INFO: [USF-XSim-98] *** Running xsim
   with args "Top_tb_behav -key {Behavioral:sim_1:Functional:Top_tb} -tclbatch {Top_tb.tcl} -log {simulate.log}"
INFO: [USF-XSim-8] Loading simulator feature
Time resolution is 1 ps
source Top_tb.tcl
# set curr_wave [current_wave_config]
# if { [string length $curr_wave] == 0 } {
#   if { [llength [get_objects]] > 0} {
#     add_wave /
#     set_property needs_save false [current_wave_config]
#   } else {
#      send_msg_id Add_Wave-1 WARNING "No top level signals found. Simulator will start without a wave window. If you want to open a wave window go to 'File->New Waveform Configuration' or type 'create_wave_config' in the TCL console."
#   }
# }
# run 1000ns
Tiempo=0 | Reset=1 | Entrada=0 | Mealy=0 | Moore=0
Tiempo=12000 | Reset=0 | Entrada=1 | Mealy=0 | Moore=0
Tiempo=32000 | Reset=0 | Entrada=0 | Mealy=0 | Moore=0
Tiempo=52000 | Reset=0 | Entrada=1 | Mealy=0 | Moore=0
Tiempo=72000 | Reset=0 | Entrada=0 | Mealy=0 | Moore=0
$finish called at time : 102 ns : File "C:/Users/jflh0/OneDrive/Desktop/9NO SEMESTRE/Codigo/Codigo.srcs/sim_1/new/Top_tb.sv" Line 81
INFO: [USF-XSim-96] XSim completed. Design snapshot 'Top_tb_behav' loaded.
INFO: [USF-XSim-97] XSim simulation ran for 1000ns
launch_simulation: Time (s): cpu = 00:00:01 ; elapsed = 00:00:06 . Memory (MB): peak = 3344.289 ; gain = 0.000
WARNING: [filemgmt 56-199] Attempt to get parsing info during refresh. "On-the-fly" syntax checking information may be incorrect. [C:\Users\jflh0\OneDrive\Desktop\9NO SEMESTRE\Codigo\Codigo.srcs\sources_1\new\Top.sv:]
WARNING: [filemgmt 56-199] Attempt to get parsing info during refresh. "On-the-fly" syntax checking information may be incorrect. [C:\Users\jflh0\OneDrive\Desktop\9NO SEMESTRE\Codigo\Codigo.srcs\sources_1\new\secuencia.sv:]
WARNING: [filemgmt 56-199] Attempt to get parsing info during refresh. "On-the-fly" syntax checking information may be incorrect. [C:\Users\jflh0\OneDrive\Desktop\9NO SEMESTRE\Codigo\Codigo.srcs\sources_1\new\moore.sv:]
WARNING: [filemgmt 56-199] Attempt to get parsing info during refresh. "On-the-fly" syntax checking information may be incorrect. [C:\Users\jflh0\OneDrive\Desktop\9NO SEMESTRE\Codigo\Codigo.srcs\sim_1\new\Top_tb.sv:]
WARNING: [filemgmt 56-199] Attempt to get parsing info during refresh. "On-the-fly" syntax checking information may be incorrect. [C:\Users\jflh0\OneDrive\Desktop\9NO SEMESTRE\Codigo\Codigo.srcs\sources_1\new\moore.sv:]
WARNING: [filemgmt 56-199] Attempt to get parsing info during refresh. "On-the-fly" syntax checking information may be incorrect. [C:\Users\jflh0\OneDrive\Desktop\9NO SEMESTRE\Codigo\Codigo.srcs\sources_1\new\moore.sv:]
WARNING: [filemgmt 56-199] Attempt to get parsing info during refresh. "On-the-fly" syntax checking information may be incorrect. [C:\Users\jflh0\OneDrive\Desktop\9NO SEMESTRE\Codigo\Codigo.srcs\sources_1\new\Top.sv:]
WARNING: [filemgmt 56-199] Attempt to get parsing info during refresh. "On-the-fly" syntax checking information may be incorrect. [C:\Users\jflh0\OneDrive\Desktop\9NO SEMESTRE\Codigo\Codigo.srcs\sources_1\new\secuencia.sv:]
WARNING: [filemgmt 56-199] Attempt to get parsing info during refresh. "On-the-fly" syntax checking information may be incorrect. [C:\Users\jflh0\OneDrive\Desktop\9NO SEMESTRE\Codigo\Codigo.srcs\sources_1\new\moore.sv:]
WARNING: [filemgmt 56-199] Attempt to get parsing info during refresh. "On-the-fly" syntax checking information may be incorrect. [C:\Users\jflh0\OneDrive\Desktop\9NO SEMESTRE\Codigo\Codigo.srcs\sim_1\new\Top_tb.sv:]
WARNING: [filemgmt 56-199] Attempt to get parsing info during refresh. "On-the-fly" syntax checking information may be incorrect. [C:\Users\jflh0\OneDrive\Desktop\9NO SEMESTRE\Codigo\Codigo.srcs\sources_1\new\Top.sv:]
WARNING: [filemgmt 56-199] Attempt to get parsing info during refresh. "On-the-fly" syntax checking information may be incorrect. [C:\Users\jflh0\OneDrive\Desktop\9NO SEMESTRE\Codigo\Codigo.srcs\sources_1\new\Top.sv:]
WARNING: [filemgmt 56-199] Attempt to get parsing info during refresh. "On-the-fly" syntax checking information may be incorrect. [C:\Users\jflh0\OneDrive\Desktop\9NO SEMESTRE\Codigo\Codigo.srcs\sources_1\new\Top.sv:]
WARNING: [filemgmt 56-199] Attempt to get parsing info during refresh. "On-the-fly" syntax checking information may be incorrect. [C:\Users\jflh0\OneDrive\Desktop\9NO SEMESTRE\Codigo\Codigo.srcs\sources_1\new\secuencia.sv:]
WARNING: [filemgmt 56-199] Attempt to get parsing info during refresh. "On-the-fly" syntax checking information may be incorrect. [C:\Users\jflh0\OneDrive\Desktop\9NO SEMESTRE\Codigo\Codigo.srcs\sources_1\new\moore.sv:]
WARNING: [filemgmt 56-199] Attempt to get parsing info during refresh. "On-the-fly" syntax checking information may be incorrect. [C:\Users\jflh0\OneDrive\Desktop\9NO SEMESTRE\Codigo\Codigo.srcs\sim_1\new\Top_tb.sv:]
WARNING: [filemgmt 56-199] Attempt to get parsing info during refresh. "On-the-fly" syntax checking information may be incorrect. [C:\Users\jflh0\OneDrive\Desktop\9NO SEMESTRE\Codigo\Codigo.srcs\sources_1\new\secuencia.sv:]
WARNING: [filemgmt 56-199] Attempt to get parsing info during refresh. "On-the-fly" syntax checking information may be incorrect. [C:\Users\jflh0\OneDrive\Desktop\9NO SEMESTRE\Codigo\Codigo.srcs\sources_1\new\secuencia.sv:]
close_sim
INFO: [Simtcl 6-16] Simulation closed
launch_simulation
Command: launch_simulation 
INFO: [Vivado 12-12493] Simulation top is 'Top_tb'
INFO: [Vivado 12-5682] Launching behavioral simulation in 'C:/Users/jflh0/OneDrive/Desktop/9NO SEMESTRE/Codigo/Codigo.sim/sim_1/behav/xsim'
INFO: [SIM-utils-51] Simulation object is 'sim_1'
INFO: [SIM-utils-72] Using boost library from 'C:/Xilinx/2025.1/Vivado/tps/boost_1_72_0'
INFO: [SIM-utils-54] Inspecting design source files for 'Top_tb' in fileset 'sim_1'...
INFO: [USF-XSim-97] Finding global include files...
INFO: [USF-XSim-98] Fetching design files from 'sim_1'...
INFO: [USF-XSim-2] XSim::Compile design
INFO: [USF-XSim-61] Executing 'COMPILE and ANALYZE' step in 'C:/Users/jflh0/OneDrive/Desktop/9NO SEMESTRE/Codigo/Codigo.sim/sim_1/behav/xsim'
"xvlog --incr --relax -L uvm -prj Top_tb_vlog.prj"
INFO: [VRFC 10-2263] Analyzing SystemVerilog file "C:/Users/jflh0/OneDrive/Desktop/9NO SEMESTRE/Codigo/Codigo.srcs/sources_1/new/Top.sv" into library xil_defaultlib
INFO: [VRFC 10-311] analyzing module Top
INFO: [VRFC 10-2263] Analyzing SystemVerilog file "C:/Users/jflh0/OneDrive/Desktop/9NO SEMESTRE/Codigo/Codigo.srcs/sources_1/new/moore.sv" into library xil_defaultlib
INFO: [VRFC 10-311] analyzing module maqmoore
INFO: [VRFC 10-2263] Analyzing SystemVerilog file "C:/Users/jflh0/OneDrive/Desktop/9NO SEMESTRE/Codigo/Codigo.srcs/sources_1/new/secuencia.sv" into library xil_defaultlib
INFO: [VRFC 10-311] analyzing module maqmealy
INFO: [VRFC 10-2263] Analyzing SystemVerilog file "C:/Users/jflh0/OneDrive/Desktop/9NO SEMESTRE/Codigo/Codigo.srcs/sim_1/new/Top_tb.sv" into library xil_defaultlib
INFO: [VRFC 10-311] analyzing module Top_tb
WARNING: [VRFC 10-965] invalid size of integer constant literal [C:/Users/jflh0/OneDrive/Desktop/9NO SEMESTRE/Codigo/Codigo.srcs/sim_1/new/Top_tb.sv:69]
WARNING: [VRFC 10-965] invalid size of integer constant literal [C:/Users/jflh0/OneDrive/Desktop/9NO SEMESTRE/Codigo/Codigo.srcs/sim_1/new/Top_tb.sv:72]
WARNING: [VRFC 10-965] invalid size of integer constant literal [C:/Users/jflh0/OneDrive/Desktop/9NO SEMESTRE/Codigo/Codigo.srcs/sim_1/new/Top_tb.sv:73]
WARNING: [VRFC 10-965] invalid size of integer constant literal [C:/Users/jflh0/OneDrive/Desktop/9NO SEMESTRE/Codigo/Codigo.srcs/sim_1/new/Top_tb.sv:76]
WARNING: [VRFC 10-965] invalid size of integer constant literal [C:/Users/jflh0/OneDrive/Desktop/9NO SEMESTRE/Codigo/Codigo.srcs/sim_1/new/Top_tb.sv:77]
WARNING: [VRFC 10-965] invalid size of integer constant literal [C:/Users/jflh0/OneDrive/Desktop/9NO SEMESTRE/Codigo/Codigo.srcs/sim_1/new/Top_tb.sv:80]
WARNING: [VRFC 10-965] invalid size of integer constant literal [C:/Users/jflh0/OneDrive/Desktop/9NO SEMESTRE/Codigo/Codigo.srcs/sim_1/new/Top_tb.sv:81]
WARNING: [VRFC 10-965] invalid size of integer constant literal [C:/Users/jflh0/OneDrive/Desktop/9NO SEMESTRE/Codigo/Codigo.srcs/sim_1/new/Top_tb.sv:84]
INFO: [USF-XSim-69] 'compile' step finished in '1' seconds
INFO: [USF-XSim-3] XSim::Elaborate design
INFO: [USF-XSim-61] Executing 'ELABORATE' step in 'C:/Users/jflh0/OneDrive/Desktop/9NO SEMESTRE/Codigo/Codigo.sim/sim_1/behav/xsim'
"xelab --incr --debug typical --relax --mt 2 -L xil_defaultlib -L uvm -L unisims_ver -L unimacro_ver -L secureip --snapshot Top_tb_behav xil_defaultlib.Top_tb xil_defaultlib.glbl -log elaborate.log"
Vivado Simulator v2025.1.0
Copyright 1986-2022 Xilinx, Inc. All Rights Reserved.
Copyright 2022-2025 Advanced Micro Devices, Inc. All Rights Reserved.
Running: C:/Xilinx/2025.1/Vivado/bin/unwrapped/win64.o/xelab.exe --incr --debug typical --relax --mt 2 -L xil_defaultlib -L uvm -L unisims_ver -L unimacro_ver -L secureip --snapshot Top_tb_behav xil_defaultlib.Top_tb xil_defaultlib.glbl -log elaborate.log 
Using 2 slave threads.
Starting static elaboration
Pass Through NonSizing Optimizer
Completed static elaboration
Starting simulation data flow analysis
Completed simulation data flow analysis
Time Resolution for simulation is 1ps
Compiling module xil_defaultlib.maqmealy
Compiling module xil_defaultlib.maqmoore
Compiling module xil_defaultlib.Top
Compiling module xil_defaultlib.Top_tb
Compiling module xil_defaultlib.glbl
Built simulation snapshot Top_tb_behav
INFO: [USF-XSim-69] 'elaborate' step finished in '2' seconds
INFO: [USF-XSim-4] XSim::Simulate design
INFO: [USF-XSim-61] Executing 'SIMULATE' step in 'C:/Users/jflh0/OneDrive/Desktop/9NO SEMESTRE/Codigo/Codigo.sim/sim_1/behav/xsim'
INFO: [USF-XSim-98] *** Running xsim
   with args "Top_tb_behav -key {Behavioral:sim_1:Functional:Top_tb} -tclbatch {Top_tb.tcl} -log {simulate.log}"
INFO: [USF-XSim-8] Loading simulator feature
Time resolution is 1 ps
source Top_tb.tcl
# set curr_wave [current_wave_config]
# if { [string length $curr_wave] == 0 } {
#   if { [llength [get_objects]] > 0} {
#     add_wave /
#     set_property needs_save false [current_wave_config]
#   } else {
#      send_msg_id Add_Wave-1 WARNING "No top level signals found. Simulator will start without a wave window. If you want to open a wave window go to 'File->New Waveform Configuration' or type 'create_wave_config' in the TCL console."
#   }
# }
# run 1000ns
Tiempo=0 | Reset=1 | Entrada=0 | Mealy=0 | Moore=0
Tiempo=12000 | Reset=0 | Entrada=1 | Mealy=0 | Moore=0
Tiempo=32000 | Reset=0 | Entrada=0 | Mealy=0 | Moore=0
Tiempo=52000 | Reset=0 | Entrada=1 | Mealy=0 | Moore=0
Tiempo=72000 | Reset=0 | Entrada=0 | Mealy=0 | Moore=0
Tiempo=92000 | Reset=0 | Entrada=1 | Mealy=0 | Moore=0
Tiempo=112000 | Reset=0 | Entrada=0 | Mealy=1 | Moore=0
Tiempo=115000 | Reset=0 | Entrada=0 | Mealy=0 | Moore=1
Tiempo=125000 | Reset=0 | Entrada=0 | Mealy=0 | Moore=0
Tiempo=132000 | Reset=0 | Entrada=1 | Mealy=0 | Moore=0
Tiempo=152000 | Reset=0 | Entrada=0 | Mealy=1 | Moore=0
Tiempo=155000 | Reset=0 | Entrada=0 | Mealy=0 | Moore=1
Tiempo=165000 | Reset=0 | Entrada=0 | Mealy=0 | Moore=0
$finish called at time : 182 ns : File "C:/Users/jflh0/OneDrive/Desktop/9NO SEMESTRE/Codigo/Codigo.srcs/sim_1/new/Top_tb.sv" Line 88
INFO: [USF-XSim-96] XSim completed. Design snapshot 'Top_tb_behav' loaded.
INFO: [USF-XSim-97] XSim simulation ran for 1000ns
launch_simulation: Time (s): cpu = 00:00:01 ; elapsed = 00:00:06 . Memory (MB): peak = 3349.742 ; gain = 0.000
WARNING: [filemgmt 56-199] Attempt to get parsing info during refresh. "On-the-fly" syntax checking information may be incorrect. [C:\Users\jflh0\OneDrive\Desktop\9NO SEMESTRE\Codigo\Codigo.srcs\sources_1\new\Top.sv:]
WARNING: [filemgmt 56-199] Attempt to get parsing info during refresh. "On-the-fly" syntax checking information may be incorrect. [C:\Users\jflh0\OneDrive\Desktop\9NO SEMESTRE\Codigo\Codigo.srcs\sources_1\new\secuencia.sv:]
WARNING: [filemgmt 56-199] Attempt to get parsing info during refresh. "On-the-fly" syntax checking information may be incorrect. [C:\Users\jflh0\OneDrive\Desktop\9NO SEMESTRE\Codigo\Codigo.srcs\sources_1\new\moore.sv:]
WARNING: [filemgmt 56-199] Attempt to get parsing info during refresh. "On-the-fly" syntax checking information may be incorrect. [C:\Users\jflh0\OneDrive\Desktop\9NO SEMESTRE\Codigo\Codigo.srcs\sim_1\new\Top_tb.sv:]
WARNING: [filemgmt 56-199] Attempt to get parsing info during refresh. "On-the-fly" syntax checking information may be incorrect. [C:\Users\jflh0\OneDrive\Desktop\9NO SEMESTRE\Codigo\Codigo.srcs\sources_1\new\Top.sv:]
WARNING: [filemgmt 56-199] Attempt to get parsing info during refresh. "On-the-fly" syntax checking information may be incorrect. [C:\Users\jflh0\OneDrive\Desktop\9NO SEMESTRE\Codigo\Codigo.srcs\sources_1\new\Top.sv:]
WARNING: [filemgmt 56-199] Attempt to get parsing info during refresh. "On-the-fly" syntax checking information may be incorrect. [C:\Users\jflh0\OneDrive\Desktop\9NO SEMESTRE\Codigo\Codigo.srcs\sources_1\new\Top.sv:]
WARNING: [filemgmt 56-199] Attempt to get parsing info during refresh. "On-the-fly" syntax checking information may be incorrect. [C:\Users\jflh0\OneDrive\Desktop\9NO SEMESTRE\Codigo\Codigo.srcs\sources_1\new\secuencia.sv:]
WARNING: [filemgmt 56-199] Attempt to get parsing info during refresh. "On-the-fly" syntax checking information may be incorrect. [C:\Users\jflh0\OneDrive\Desktop\9NO SEMESTRE\Codigo\Codigo.srcs\sources_1\new\moore.sv:]
WARNING: [filemgmt 56-199] Attempt to get parsing info during refresh. "On-the-fly" syntax checking information may be incorrect. [C:\Users\jflh0\OneDrive\Desktop\9NO SEMESTRE\Codigo\Codigo.srcs\sim_1\new\Top_tb.sv:]
WARNING: [filemgmt 56-199] Attempt to get parsing info during refresh. "On-the-fly" syntax checking information may be incorrect. [C:\Users\jflh0\OneDrive\Desktop\9NO SEMESTRE\Codigo\Codigo.srcs\sources_1\new\moore.sv:]
WARNING: [filemgmt 56-199] Attempt to get parsing info during refresh. "On-the-fly" syntax checking information may be incorrect. [C:\Users\jflh0\OneDrive\Desktop\9NO SEMESTRE\Codigo\Codigo.srcs\sources_1\new\moore.sv:]
close_sim
INFO: [Simtcl 6-16] Simulation closed
launch_simulation
Command: launch_simulation 
INFO: [Vivado 12-12493] Simulation top is 'Top_tb'
INFO: [Vivado 12-5682] Launching behavioral simulation in 'C:/Users/jflh0/OneDrive/Desktop/9NO SEMESTRE/Codigo/Codigo.sim/sim_1/behav/xsim'
INFO: [SIM-utils-51] Simulation object is 'sim_1'
INFO: [SIM-utils-72] Using boost library from 'C:/Xilinx/2025.1/Vivado/tps/boost_1_72_0'
INFO: [SIM-utils-54] Inspecting design source files for 'Top_tb' in fileset 'sim_1'...
INFO: [USF-XSim-97] Finding global include files...
INFO: [USF-XSim-98] Fetching design files from 'sim_1'...
INFO: [USF-XSim-2] XSim::Compile design
INFO: [USF-XSim-61] Executing 'COMPILE and ANALYZE' step in 'C:/Users/jflh0/OneDrive/Desktop/9NO SEMESTRE/Codigo/Codigo.sim/sim_1/behav/xsim'
"xvlog --incr --relax -L uvm -prj Top_tb_vlog.prj"
INFO: [VRFC 10-2263] Analyzing SystemVerilog file "C:/Users/jflh0/OneDrive/Desktop/9NO SEMESTRE/Codigo/Codigo.srcs/sources_1/new/Top.sv" into library xil_defaultlib
INFO: [VRFC 10-311] analyzing module Top
INFO: [VRFC 10-2263] Analyzing SystemVerilog file "C:/Users/jflh0/OneDrive/Desktop/9NO SEMESTRE/Codigo/Codigo.srcs/sources_1/new/moore.sv" into library xil_defaultlib
INFO: [VRFC 10-311] analyzing module maqmoore
INFO: [VRFC 10-2263] Analyzing SystemVerilog file "C:/Users/jflh0/OneDrive/Desktop/9NO SEMESTRE/Codigo/Codigo.srcs/sources_1/new/secuencia.sv" into library xil_defaultlib
INFO: [VRFC 10-311] analyzing module maqmealy
INFO: [VRFC 10-2263] Analyzing SystemVerilog file "C:/Users/jflh0/OneDrive/Desktop/9NO SEMESTRE/Codigo/Codigo.srcs/sim_1/new/Top_tb.sv" into library xil_defaultlib
INFO: [VRFC 10-311] analyzing module Top_tb
WARNING: [VRFC 10-965] invalid size of integer constant literal [C:/Users/jflh0/OneDrive/Desktop/9NO SEMESTRE/Codigo/Codigo.srcs/sim_1/new/Top_tb.sv:69]
WARNING: [VRFC 10-965] invalid size of integer constant literal [C:/Users/jflh0/OneDrive/Desktop/9NO SEMESTRE/Codigo/Codigo.srcs/sim_1/new/Top_tb.sv:72]
WARNING: [VRFC 10-965] invalid size of integer constant literal [C:/Users/jflh0/OneDrive/Desktop/9NO SEMESTRE/Codigo/Codigo.srcs/sim_1/new/Top_tb.sv:73]
WARNING: [VRFC 10-965] invalid size of integer constant literal [C:/Users/jflh0/OneDrive/Desktop/9NO SEMESTRE/Codigo/Codigo.srcs/sim_1/new/Top_tb.sv:76]
WARNING: [VRFC 10-965] invalid size of integer constant literal [C:/Users/jflh0/OneDrive/Desktop/9NO SEMESTRE/Codigo/Codigo.srcs/sim_1/new/Top_tb.sv:77]
WARNING: [VRFC 10-965] invalid size of integer constant literal [C:/Users/jflh0/OneDrive/Desktop/9NO SEMESTRE/Codigo/Codigo.srcs/sim_1/new/Top_tb.sv:80]
WARNING: [VRFC 10-965] invalid size of integer constant literal [C:/Users/jflh0/OneDrive/Desktop/9NO SEMESTRE/Codigo/Codigo.srcs/sim_1/new/Top_tb.sv:81]
WARNING: [VRFC 10-965] invalid size of integer constant literal [C:/Users/jflh0/OneDrive/Desktop/9NO SEMESTRE/Codigo/Codigo.srcs/sim_1/new/Top_tb.sv:84]
INFO: [USF-XSim-69] 'compile' step finished in '1' seconds
INFO: [USF-XSim-3] XSim::Elaborate design
INFO: [USF-XSim-61] Executing 'ELABORATE' step in 'C:/Users/jflh0/OneDrive/Desktop/9NO SEMESTRE/Codigo/Codigo.sim/sim_1/behav/xsim'
"xelab --incr --debug typical --relax --mt 2 -L xil_defaultlib -L uvm -L unisims_ver -L unimacro_ver -L secureip --snapshot Top_tb_behav xil_defaultlib.Top_tb xil_defaultlib.glbl -log elaborate.log"
Vivado Simulator v2025.1.0
Copyright 1986-2022 Xilinx, Inc. All Rights Reserved.
Copyright 2022-2025 Advanced Micro Devices, Inc. All Rights Reserved.
Running: C:/Xilinx/2025.1/Vivado/bin/unwrapped/win64.o/xelab.exe --incr --debug typical --relax --mt 2 -L xil_defaultlib -L uvm -L unisims_ver -L unimacro_ver -L secureip --snapshot Top_tb_behav xil_defaultlib.Top_tb xil_defaultlib.glbl -log elaborate.log 
Using 2 slave threads.
Starting static elaboration
Pass Through NonSizing Optimizer
Completed static elaboration
Starting simulation data flow analysis
Completed simulation data flow analysis
Time Resolution for simulation is 1ps
Compiling module xil_defaultlib.maqmealy
Compiling module xil_defaultlib.maqmoore
Compiling module xil_defaultlib.Top
Compiling module xil_defaultlib.Top_tb
Compiling module xil_defaultlib.glbl
Built simulation snapshot Top_tb_behav
INFO: [USF-XSim-69] 'elaborate' step finished in '3' seconds
INFO: [USF-XSim-4] XSim::Simulate design
INFO: [USF-XSim-61] Executing 'SIMULATE' step in 'C:/Users/jflh0/OneDrive/Desktop/9NO SEMESTRE/Codigo/Codigo.sim/sim_1/behav/xsim'
INFO: [USF-XSim-98] *** Running xsim
   with args "Top_tb_behav -key {Behavioral:sim_1:Functional:Top_tb} -tclbatch {Top_tb.tcl} -log {simulate.log}"
INFO: [USF-XSim-8] Loading simulator feature
Time resolution is 1 ps
source Top_tb.tcl
# set curr_wave [current_wave_config]
# if { [string length $curr_wave] == 0 } {
#   if { [llength [get_objects]] > 0} {
#     add_wave /
#     set_property needs_save false [current_wave_config]
#   } else {
#      send_msg_id Add_Wave-1 WARNING "No top level signals found. Simulator will start without a wave window. If you want to open a wave window go to 'File->New Waveform Configuration' or type 'create_wave_config' in the TCL console."
#   }
# }
# run 1000ns
$finish called at time : 182 ns : File "C:/Users/jflh0/OneDrive/Desktop/9NO SEMESTRE/Codigo/Codigo.srcs/sim_1/new/Top_tb.sv" Line 88
INFO: [USF-XSim-96] XSim completed. Design snapshot 'Top_tb_behav' loaded.
INFO: [USF-XSim-97] XSim simulation ran for 1000ns
launch_simulation: Time (s): cpu = 00:00:02 ; elapsed = 00:00:06 . Memory (MB): peak = 3349.742 ; gain = 0.000
WARNING: [filemgmt 56-199] Attempt to get parsing info during refresh. "On-the-fly" syntax checking information may be incorrect. [C:\Users\jflh0\OneDrive\Desktop\9NO SEMESTRE\Codigo\Codigo.srcs\sources_1\new\Top.sv:]
WARNING: [filemgmt 56-199] Attempt to get parsing info during refresh. "On-the-fly" syntax checking information may be incorrect. [C:\Users\jflh0\OneDrive\Desktop\9NO SEMESTRE\Codigo\Codigo.srcs\sources_1\new\secuencia.sv:]
WARNING: [filemgmt 56-199] Attempt to get parsing info during refresh. "On-the-fly" syntax checking information may be incorrect. [C:\Users\jflh0\OneDrive\Desktop\9NO SEMESTRE\Codigo\Codigo.srcs\sources_1\new\moore.sv:]
WARNING: [filemgmt 56-199] Attempt to get parsing info during refresh. "On-the-fly" syntax checking information may be incorrect. [C:\Users\jflh0\OneDrive\Desktop\9NO SEMESTRE\Codigo\Codigo.srcs\sim_1\new\Top_tb.sv:]
WARNING: [filemgmt 56-199] Attempt to get parsing info during refresh. "On-the-fly" syntax checking information may be incorrect. [C:\Users\jflh0\OneDrive\Desktop\9NO SEMESTRE\Codigo\Codigo.srcs\sources_1\new\moore.sv:]
WARNING: [filemgmt 56-199] Attempt to get parsing info during refresh. "On-the-fly" syntax checking information may be incorrect. [C:\Users\jflh0\OneDrive\Desktop\9NO SEMESTRE\Codigo\Codigo.srcs\sources_1\new\moore.sv:]
WARNING: [filemgmt 56-199] Attempt to get parsing info during refresh. "On-the-fly" syntax checking information may be incorrect. [C:\Users\jflh0\OneDrive\Desktop\9NO SEMESTRE\Codigo\Codigo.srcs\sources_1\new\Top.sv:]
WARNING: [filemgmt 56-199] Attempt to get parsing info during refresh. "On-the-fly" syntax checking information may be incorrect. [C:\Users\jflh0\OneDrive\Desktop\9NO SEMESTRE\Codigo\Codigo.srcs\sources_1\new\secuencia.sv:]
WARNING: [filemgmt 56-199] Attempt to get parsing info during refresh. "On-the-fly" syntax checking information may be incorrect. [C:\Users\jflh0\OneDrive\Desktop\9NO SEMESTRE\Codigo\Codigo.srcs\sources_1\new\moore.sv:]
WARNING: [filemgmt 56-199] Attempt to get parsing info during refresh. "On-the-fly" syntax checking information may be incorrect. [C:\Users\jflh0\OneDrive\Desktop\9NO SEMESTRE\Codigo\Codigo.srcs\sim_1\new\Top_tb.sv:]
WARNING: [filemgmt 56-199] Attempt to get parsing info during refresh. "On-the-fly" syntax checking information may be incorrect. [C:\Users\jflh0\OneDrive\Desktop\9NO SEMESTRE\Codigo\Codigo.srcs\sources_1\new\secuencia.sv:]
WARNING: [filemgmt 56-199] Attempt to get parsing info during refresh. "On-the-fly" syntax checking information may be incorrect. [C:\Users\jflh0\OneDrive\Desktop\9NO SEMESTRE\Codigo\Codigo.srcs\sources_1\new\secuencia.sv:]
WARNING: [filemgmt 56-199] Attempt to get parsing info during refresh. "On-the-fly" syntax checking information may be incorrect. [C:\Users\jflh0\OneDrive\Desktop\9NO SEMESTRE\Codigo\Codigo.srcs\sources_1\new\Top.sv:]
WARNING: [filemgmt 56-199] Attempt to get parsing info during refresh. "On-the-fly" syntax checking information may be incorrect. [C:\Users\jflh0\OneDrive\Desktop\9NO SEMESTRE\Codigo\Codigo.srcs\sources_1\new\secuencia.sv:]
WARNING: [filemgmt 56-199] Attempt to get parsing info during refresh. "On-the-fly" syntax checking information may be incorrect. [C:\Users\jflh0\OneDrive\Desktop\9NO SEMESTRE\Codigo\Codigo.srcs\sources_1\new\moore.sv:]
WARNING: [filemgmt 56-199] Attempt to get parsing info during refresh. "On-the-fly" syntax checking information may be incorrect. [C:\Users\jflh0\OneDrive\Desktop\9NO SEMESTRE\Codigo\Codigo.srcs\sim_1\new\Top_tb.sv:]
WARNING: [filemgmt 56-199] Attempt to get parsing info during refresh. "On-the-fly" syntax checking information may be incorrect. [C:\Users\jflh0\OneDrive\Desktop\9NO SEMESTRE\Codigo\Codigo.srcs\sim_1\new\Top_tb.sv:]
WARNING: [filemgmt 56-199] Attempt to get parsing info during refresh. "On-the-fly" syntax checking information may be incorrect. [C:\Users\jflh0\OneDrive\Desktop\9NO SEMESTRE\Codigo\Codigo.srcs\sim_1\new\Top_tb.sv:]
ERROR: [Common 17-180] Spawn failed: La operación se completó correctamente.

WARNING: [filemgmt 56-199] Attempt to get parsing info during refresh. "On-the-fly" syntax checking information may be incorrect. [C:\Users\jflh0\OneDrive\Desktop\9NO SEMESTRE\Codigo\Codigo.srcs\sources_1\new\Top.sv:]
WARNING: [filemgmt 56-199] Attempt to get parsing info during refresh. "On-the-fly" syntax checking information may be incorrect. [C:\Users\jflh0\OneDrive\Desktop\9NO SEMESTRE\Codigo\Codigo.srcs\sources_1\new\secuencia.sv:]
WARNING: [filemgmt 56-199] Attempt to get parsing info during refresh. "On-the-fly" syntax checking information may be incorrect. [C:\Users\jflh0\OneDrive\Desktop\9NO SEMESTRE\Codigo\Codigo.srcs\sources_1\new\moore.sv:]
WARNING: [filemgmt 56-199] Attempt to get parsing info during refresh. "On-the-fly" syntax checking information may be incorrect. [C:\Users\jflh0\OneDrive\Desktop\9NO SEMESTRE\Codigo\Codigo.srcs\sim_1\new\Top_tb.sv:]
WARNING: [filemgmt 56-199] Attempt to get parsing info during refresh. "On-the-fly" syntax checking information may be incorrect. [C:\Users\jflh0\OneDrive\Desktop\9NO SEMESTRE\Codigo\Codigo.srcs\sources_1\new\moore.sv:]
WARNING: [filemgmt 56-199] Attempt to get parsing info during refresh. "On-the-fly" syntax checking information may be incorrect. [C:\Users\jflh0\OneDrive\Desktop\9NO SEMESTRE\Codigo\Codigo.srcs\sources_1\new\moore.sv:]
WARNING: [filemgmt 56-199] Attempt to get parsing info during refresh. "On-the-fly" syntax checking information may be incorrect. [C:\Users\jflh0\OneDrive\Desktop\9NO SEMESTRE\Codigo\Codigo.srcs\sources_1\new\Top.sv:]
WARNING: [filemgmt 56-199] Attempt to get parsing info during refresh. "On-the-fly" syntax checking information may be incorrect. [C:\Users\jflh0\OneDrive\Desktop\9NO SEMESTRE\Codigo\Codigo.srcs\sources_1\new\secuencia.sv:]
WARNING: [filemgmt 56-199] Attempt to get parsing info during refresh. "On-the-fly" syntax checking information may be incorrect. [C:\Users\jflh0\OneDrive\Desktop\9NO SEMESTRE\Codigo\Codigo.srcs\sources_1\new\moore.sv:]
WARNING: [filemgmt 56-199] Attempt to get parsing info during refresh. "On-the-fly" syntax checking information may be incorrect. [C:\Users\jflh0\OneDrive\Desktop\9NO SEMESTRE\Codigo\Codigo.srcs\sim_1\new\Top_tb.sv:]
WARNING: [filemgmt 56-199] Attempt to get parsing info during refresh. "On-the-fly" syntax checking information may be incorrect. [C:\Users\jflh0\OneDrive\Desktop\9NO SEMESTRE\Codigo\Codigo.srcs\sim_1\new\Top_tb.sv:]
WARNING: [filemgmt 56-199] Attempt to get parsing info during refresh. "On-the-fly" syntax checking information may be incorrect. [C:\Users\jflh0\OneDrive\Desktop\9NO SEMESTRE\Codigo\Codigo.srcs\sim_1\new\Top_tb.sv:]
WARNING: [filemgmt 56-199] Attempt to get parsing info during refresh. "On-the-fly" syntax checking information may be incorrect. [C:\Users\jflh0\OneDrive\Desktop\9NO SEMESTRE\Codigo\Codigo.srcs\sources_1\new\Top.sv:]
WARNING: [filemgmt 56-199] Attempt to get parsing info during refresh. "On-the-fly" syntax checking information may be incorrect. [C:\Users\jflh0\OneDrive\Desktop\9NO SEMESTRE\Codigo\Codigo.srcs\sources_1\new\secuencia.sv:]
WARNING: [filemgmt 56-199] Attempt to get parsing info during refresh. "On-the-fly" syntax checking information may be incorrect. [C:\Users\jflh0\OneDrive\Desktop\9NO SEMESTRE\Codigo\Codigo.srcs\sources_1\new\moore.sv:]
WARNING: [filemgmt 56-199] Attempt to get parsing info during refresh. "On-the-fly" syntax checking information may be incorrect. [C:\Users\jflh0\OneDrive\Desktop\9NO SEMESTRE\Codigo\Codigo.srcs\sim_1\new\Top_tb.sv:]
WARNING: [filemgmt 56-199] Attempt to get parsing info during refresh. "On-the-fly" syntax checking information may be incorrect. [C:\Users\jflh0\OneDrive\Desktop\9NO SEMESTRE\Codigo\Codigo.srcs\sources_1\new\secuencia.sv:]
WARNING: [filemgmt 56-199] Attempt to get parsing info during refresh. "On-the-fly" syntax checking information may be incorrect. [C:\Users\jflh0\OneDrive\Desktop\9NO SEMESTRE\Codigo\Codigo.srcs\sources_1\new\secuencia.sv:]
synth_design -rtl -rtl_skip_mlo -name rtl_1
Command: synth_design -rtl -rtl_skip_mlo -name rtl_1
Starting synth_design
Using part: xc7a35tcpg236-3
Top: Top
INFO: [Device 21-403] Loading part xc7a35tcpg236-3
INFO: [Synth 8-7079] Multithreading enabled for synth_design using a maximum of 2 processes.
INFO: [Synth 8-7078] Launching helper process for spawning children vivado processes
INFO: [Synth 8-7075] Helper process launched with PID 2840
---------------------------------------------------------------------------------
Starting RTL Elaboration : Time (s): cpu = 00:00:05 ; elapsed = 00:00:09 . Memory (MB): peak = 3356.945 ; gain = 0.000
---------------------------------------------------------------------------------
INFO: [Synth 8-6157] synthesizing module 'Top' [C:/Users/jflh0/OneDrive/Desktop/9NO SEMESTRE/Codigo/Codigo.srcs/sources_1/new/Top.sv:23]
INFO: [Synth 8-6157] synthesizing module 'maqmealy' [C:/Users/jflh0/OneDrive/Desktop/9NO SEMESTRE/Codigo/Codigo.srcs/sources_1/new/secuencia.sv:23]
INFO: [Synth 8-226] default block is never used [C:/Users/jflh0/OneDrive/Desktop/9NO SEMESTRE/Codigo/Codigo.srcs/sources_1/new/secuencia.sv:55]
INFO: [Synth 8-6155] done synthesizing module 'maqmealy' (0#1) [C:/Users/jflh0/OneDrive/Desktop/9NO SEMESTRE/Codigo/Codigo.srcs/sources_1/new/secuencia.sv:23]
INFO: [Synth 8-6157] synthesizing module 'maqmoore' [C:/Users/jflh0/OneDrive/Desktop/9NO SEMESTRE/Codigo/Codigo.srcs/sources_1/new/moore.sv:23]
INFO: [Synth 8-6155] done synthesizing module 'maqmoore' (0#1) [C:/Users/jflh0/OneDrive/Desktop/9NO SEMESTRE/Codigo/Codigo.srcs/sources_1/new/moore.sv:23]
INFO: [Synth 8-6155] done synthesizing module 'Top' (0#1) [C:/Users/jflh0/OneDrive/Desktop/9NO SEMESTRE/Codigo/Codigo.srcs/sources_1/new/Top.sv:23]
---------------------------------------------------------------------------------
Finished RTL Elaboration : Time (s): cpu = 00:00:06 ; elapsed = 00:00:11 . Memory (MB): peak = 3356.945 ; gain = 0.000
---------------------------------------------------------------------------------
---------------------------------------------------------------------------------
Start Handling Custom Attributes
---------------------------------------------------------------------------------
---------------------------------------------------------------------------------
Finished Handling Custom Attributes : Time (s): cpu = 00:00:06 ; elapsed = 00:00:11 . Memory (MB): peak = 3356.945 ; gain = 0.000
---------------------------------------------------------------------------------
---------------------------------------------------------------------------------
Finished RTL Optimization Phase 1 : Time (s): cpu = 00:00:06 ; elapsed = 00:00:11 . Memory (MB): peak = 3356.945 ; gain = 0.000
---------------------------------------------------------------------------------
Netlist sorting complete. Time (s): cpu = 00:00:00 ; elapsed = 00:00:00.002 . Memory (MB): peak = 3356.945 ; gain = 0.000
INFO: [Project 1-570] Preparing netlist for logic optimization

Processing XDC Constraints
Initializing timing engine
Completed Processing XDC Constraints

Netlist sorting complete. Time (s): cpu = 00:00:00 ; elapsed = 00:00:00 . Memory (MB): peak = 3356.945 ; gain = 0.000
INFO: [Project 1-111] Unisim Transformation Summary:
No Unisim elements were transformed.

RTL Elaboration Complete:  : Time (s): cpu = 00:00:11 ; elapsed = 00:00:20 . Memory (MB): peak = 3356.945 ; gain = 0.000
13 Infos, 0 Warnings, 0 Critical Warnings and 0 Errors encountered.
synth_design completed successfully
synth_design: Time (s): cpu = 00:00:12 ; elapsed = 00:00:33 . Memory (MB): peak = 3356.945 ; gain = 0.000
WARNING: [filemgmt 56-199] Attempt to get parsing info during refresh. "On-the-fly" syntax checking information may be incorrect. [C:\Users\jflh0\OneDrive\Desktop\9NO SEMESTRE\Codigo\Codigo.srcs\sources_1\new\Top.sv:]
WARNING: [filemgmt 56-199] Attempt to get parsing info during refresh. "On-the-fly" syntax checking information may be incorrect. [C:\Users\jflh0\OneDrive\Desktop\9NO SEMESTRE\Codigo\Codigo.srcs\sources_1\new\secuencia.sv:]
WARNING: [filemgmt 56-199] Attempt to get parsing info during refresh. "On-the-fly" syntax checking information may be incorrect. [C:\Users\jflh0\OneDrive\Desktop\9NO SEMESTRE\Codigo\Codigo.srcs\sources_1\new\moore.sv:]
WARNING: [filemgmt 56-199] Attempt to get parsing info during refresh. "On-the-fly" syntax checking information may be incorrect. [C:\Users\jflh0\OneDrive\Desktop\9NO SEMESTRE\Codigo\Codigo.srcs\sim_1\new\Top_tb.sv:]
WARNING: [filemgmt 56-199] Attempt to get parsing info during refresh. "On-the-fly" syntax checking information may be incorrect. [C:\Users\jflh0\OneDrive\Desktop\9NO SEMESTRE\Codigo\Codigo.srcs\sources_1\new\moore.sv:]
WARNING: [filemgmt 56-199] Attempt to get parsing info during refresh. "On-the-fly" syntax checking information may be incorrect. [C:\Users\jflh0\OneDrive\Desktop\9NO SEMESTRE\Codigo\Codigo.srcs\sources_1\new\moore.sv:]
WARNING: [filemgmt 56-199] Attempt to get parsing info during refresh. "On-the-fly" syntax checking information may be incorrect. [C:\Users\jflh0\OneDrive\Desktop\9NO SEMESTRE\Codigo\Codigo.srcs\sources_1\new\Top.sv:]
WARNING: [filemgmt 56-199] Attempt to get parsing info during refresh. "On-the-fly" syntax checking information may be incorrect. [C:\Users\jflh0\OneDrive\Desktop\9NO SEMESTRE\Codigo\Codigo.srcs\sources_1\new\secuencia.sv:]
WARNING: [filemgmt 56-199] Attempt to get parsing info during refresh. "On-the-fly" syntax checking information may be incorrect. [C:\Users\jflh0\OneDrive\Desktop\9NO SEMESTRE\Codigo\Codigo.srcs\sources_1\new\moore.sv:]
WARNING: [filemgmt 56-199] Attempt to get parsing info during refresh. "On-the-fly" syntax checking information may be incorrect. [C:\Users\jflh0\OneDrive\Desktop\9NO SEMESTRE\Codigo\Codigo.srcs\sim_1\new\Top_tb.sv:]
WARNING: [filemgmt 56-199] Attempt to get parsing info during refresh. "On-the-fly" syntax checking information may be incorrect. [C:\Users\jflh0\OneDrive\Desktop\9NO SEMESTRE\Codigo\Codigo.srcs\sources_1\new\secuencia.sv:]
WARNING: [filemgmt 56-199] Attempt to get parsing info during refresh. "On-the-fly" syntax checking information may be incorrect. [C:\Users\jflh0\OneDrive\Desktop\9NO SEMESTRE\Codigo\Codigo.srcs\sources_1\new\secuencia.sv:]
WARNING: [filemgmt 56-199] Attempt to get parsing info during refresh. "On-the-fly" syntax checking information may be incorrect. [C:\Users\jflh0\OneDrive\Desktop\9NO SEMESTRE\Codigo\Codigo.srcs\sources_1\new\Top.sv:]
WARNING: [filemgmt 56-199] Attempt to get parsing info during refresh. "On-the-fly" syntax checking information may be incorrect. [C:\Users\jflh0\OneDrive\Desktop\9NO SEMESTRE\Codigo\Codigo.srcs\sources_1\new\secuencia.sv:]
WARNING: [filemgmt 56-199] Attempt to get parsing info during refresh. "On-the-fly" syntax checking information may be incorrect. [C:\Users\jflh0\OneDrive\Desktop\9NO SEMESTRE\Codigo\Codigo.srcs\sources_1\new\moore.sv:]
WARNING: [filemgmt 56-199] Attempt to get parsing info during refresh. "On-the-fly" syntax checking information may be incorrect. [C:\Users\jflh0\OneDrive\Desktop\9NO SEMESTRE\Codigo\Codigo.srcs\sim_1\new\Top_tb.sv:]
WARNING: [filemgmt 56-199] Attempt to get parsing info during refresh. "On-the-fly" syntax checking information may be incorrect. [C:\Users\jflh0\OneDrive\Desktop\9NO SEMESTRE\Codigo\Codigo.srcs\sim_1\new\Top_tb.sv:]
WARNING: [filemgmt 56-199] Attempt to get parsing info during refresh. "On-the-fly" syntax checking information may be incorrect. [C:\Users\jflh0\OneDrive\Desktop\9NO SEMESTRE\Codigo\Codigo.srcs\sim_1\new\Top_tb.sv:]
ERROR: [Common 17-180] Spawn failed: La operación se completó correctamente.

refresh_design
INFO: [Synth 8-7079] Multithreading enabled for synth_design using a maximum of 2 processes.
---------------------------------------------------------------------------------
Starting RTL Elaboration : Time (s): cpu = 00:00:06 ; elapsed = 00:00:07 . Memory (MB): peak = 3356.945 ; gain = 0.000
---------------------------------------------------------------------------------
INFO: [Synth 8-11241] undeclared symbol 'detect_mealy', assumed default net type 'wire' [C:/Users/jflh0/OneDrive/Desktop/9NO SEMESTRE/Codigo/Codigo.srcs/sources_1/new/Top.sv:37]
INFO: [Synth 8-11241] undeclared symbol 'detect_moore', assumed default net type 'wire' [C:/Users/jflh0/OneDrive/Desktop/9NO SEMESTRE/Codigo/Codigo.srcs/sources_1/new/Top.sv:44]
INFO: [Synth 8-6157] synthesizing module 'Top' [C:/Users/jflh0/OneDrive/Desktop/9NO SEMESTRE/Codigo/Codigo.srcs/sources_1/new/Top.sv:23]
INFO: [Synth 8-6157] synthesizing module 'maqmealy' [C:/Users/jflh0/OneDrive/Desktop/9NO SEMESTRE/Codigo/Codigo.srcs/sources_1/new/secuencia.sv:23]
INFO: [Synth 8-226] default block is never used [C:/Users/jflh0/OneDrive/Desktop/9NO SEMESTRE/Codigo/Codigo.srcs/sources_1/new/secuencia.sv:55]
INFO: [Synth 8-6155] done synthesizing module 'maqmealy' (0#1) [C:/Users/jflh0/OneDrive/Desktop/9NO SEMESTRE/Codigo/Codigo.srcs/sources_1/new/secuencia.sv:23]
INFO: [Synth 8-6157] synthesizing module 'maqmoore' [C:/Users/jflh0/OneDrive/Desktop/9NO SEMESTRE/Codigo/Codigo.srcs/sources_1/new/moore.sv:23]
INFO: [Synth 8-6155] done synthesizing module 'maqmoore' (0#1) [C:/Users/jflh0/OneDrive/Desktop/9NO SEMESTRE/Codigo/Codigo.srcs/sources_1/new/moore.sv:23]
INFO: [Synth 8-6155] done synthesizing module 'Top' (0#1) [C:/Users/jflh0/OneDrive/Desktop/9NO SEMESTRE/Codigo/Codigo.srcs/sources_1/new/Top.sv:23]
WARNING: [Synth 8-3848] Net mealy in module/entity Top does not have driver. [C:/Users/jflh0/OneDrive/Desktop/9NO SEMESTRE/Codigo/Codigo.srcs/sources_1/new/Top.sv:28]
WARNING: [Synth 8-3848] Net moore in module/entity Top does not have driver. [C:/Users/jflh0/OneDrive/Desktop/9NO SEMESTRE/Codigo/Codigo.srcs/sources_1/new/Top.sv:29]
WARNING: [Synth 8-7129] Port mealy in module Top is either unconnected or has no load
WARNING: [Synth 8-7129] Port moore in module Top is either unconnected or has no load
---------------------------------------------------------------------------------
Finished RTL Elaboration : Time (s): cpu = 00:00:07 ; elapsed = 00:00:09 . Memory (MB): peak = 3356.945 ; gain = 0.000
---------------------------------------------------------------------------------
---------------------------------------------------------------------------------
Start Handling Custom Attributes
---------------------------------------------------------------------------------
---------------------------------------------------------------------------------
Finished Handling Custom Attributes : Time (s): cpu = 00:00:07 ; elapsed = 00:00:09 . Memory (MB): peak = 3356.945 ; gain = 0.000
---------------------------------------------------------------------------------
---------------------------------------------------------------------------------
Finished RTL Optimization Phase 1 : Time (s): cpu = 00:00:07 ; elapsed = 00:00:09 . Memory (MB): peak = 3356.945 ; gain = 0.000
---------------------------------------------------------------------------------
Netlist sorting complete. Time (s): cpu = 00:00:00 ; elapsed = 00:00:00 . Memory (MB): peak = 3356.945 ; gain = 0.000
INFO: [Project 1-570] Preparing netlist for logic optimization

Processing XDC Constraints
Initializing timing engine
Completed Processing XDC Constraints

refresh_design: Time (s): cpu = 00:00:10 ; elapsed = 00:00:13 . Memory (MB): peak = 3356.945 ; gain = 0.000
WARNING: [filemgmt 56-199] Attempt to get parsing info during refresh. "On-the-fly" syntax checking information may be incorrect. [C:\Users\jflh0\OneDrive\Desktop\9NO SEMESTRE\Codigo\Codigo.srcs\sources_1\new\Top.sv:]
WARNING: [filemgmt 56-199] Attempt to get parsing info during refresh. "On-the-fly" syntax checking information may be incorrect. [C:\Users\jflh0\OneDrive\Desktop\9NO SEMESTRE\Codigo\Codigo.srcs\sources_1\new\secuencia.sv:]
WARNING: [filemgmt 56-199] Attempt to get parsing info during refresh. "On-the-fly" syntax checking information may be incorrect. [C:\Users\jflh0\OneDrive\Desktop\9NO SEMESTRE\Codigo\Codigo.srcs\sources_1\new\moore.sv:]
WARNING: [filemgmt 56-199] Attempt to get parsing info during refresh. "On-the-fly" syntax checking information may be incorrect. [C:\Users\jflh0\OneDrive\Desktop\9NO SEMESTRE\Codigo\Codigo.srcs\sim_1\new\Top_tb.sv:]
WARNING: [filemgmt 56-199] Attempt to get parsing info during refresh. "On-the-fly" syntax checking information may be incorrect. [C:\Users\jflh0\OneDrive\Desktop\9NO SEMESTRE\Codigo\Codigo.srcs\sources_1\new\secuencia.sv:]
WARNING: [filemgmt 56-199] Attempt to get parsing info during refresh. "On-the-fly" syntax checking information may be incorrect. [C:\Users\jflh0\OneDrive\Desktop\9NO SEMESTRE\Codigo\Codigo.srcs\sources_1\new\secuencia.sv:]
WARNING: [filemgmt 56-199] Attempt to get parsing info during refresh. "On-the-fly" syntax checking information may be incorrect. [C:\Users\jflh0\OneDrive\Desktop\9NO SEMESTRE\Codigo\Codigo.srcs\sources_1\new\Top.sv:]
WARNING: [filemgmt 56-199] Attempt to get parsing info during refresh. "On-the-fly" syntax checking information may be incorrect. [C:\Users\jflh0\OneDrive\Desktop\9NO SEMESTRE\Codigo\Codigo.srcs\sources_1\new\secuencia.sv:]
WARNING: [filemgmt 56-199] Attempt to get parsing info during refresh. "On-the-fly" syntax checking information may be incorrect. [C:\Users\jflh0\OneDrive\Desktop\9NO SEMESTRE\Codigo\Codigo.srcs\sources_1\new\moore.sv:]
WARNING: [filemgmt 56-199] Attempt to get parsing info during refresh. "On-the-fly" syntax checking information may be incorrect. [C:\Users\jflh0\OneDrive\Desktop\9NO SEMESTRE\Codigo\Codigo.srcs\sim_1\new\Top_tb.sv:]
WARNING: [filemgmt 56-199] Attempt to get parsing info during refresh. "On-the-fly" syntax checking information may be incorrect. [C:\Users\jflh0\OneDrive\Desktop\9NO SEMESTRE\Codigo\Codigo.srcs\sources_1\new\Top.sv:]
WARNING: [filemgmt 56-199] Attempt to get parsing info during refresh. "On-the-fly" syntax checking information may be incorrect. [C:\Users\jflh0\OneDrive\Desktop\9NO SEMESTRE\Codigo\Codigo.srcs\sources_1\new\Top.sv:]
refresh_design
INFO: [Synth 8-7079] Multithreading enabled for synth_design using a maximum of 2 processes.
---------------------------------------------------------------------------------
Starting RTL Elaboration : Time (s): cpu = 00:00:06 ; elapsed = 00:00:07 . Memory (MB): peak = 3356.945 ; gain = 0.000
---------------------------------------------------------------------------------
INFO: [Synth 8-6157] synthesizing module 'Top' [C:/Users/jflh0/OneDrive/Desktop/9NO SEMESTRE/Codigo/Codigo.srcs/sources_1/new/Top.sv:23]
INFO: [Synth 8-6157] synthesizing module 'maqmealy' [C:/Users/jflh0/OneDrive/Desktop/9NO SEMESTRE/Codigo/Codigo.srcs/sources_1/new/secuencia.sv:23]
INFO: [Synth 8-226] default block is never used [C:/Users/jflh0/OneDrive/Desktop/9NO SEMESTRE/Codigo/Codigo.srcs/sources_1/new/secuencia.sv:55]
INFO: [Synth 8-6155] done synthesizing module 'maqmealy' (0#1) [C:/Users/jflh0/OneDrive/Desktop/9NO SEMESTRE/Codigo/Codigo.srcs/sources_1/new/secuencia.sv:23]
INFO: [Synth 8-6157] synthesizing module 'maqmoore' [C:/Users/jflh0/OneDrive/Desktop/9NO SEMESTRE/Codigo/Codigo.srcs/sources_1/new/moore.sv:23]
INFO: [Synth 8-6155] done synthesizing module 'maqmoore' (0#1) [C:/Users/jflh0/OneDrive/Desktop/9NO SEMESTRE/Codigo/Codigo.srcs/sources_1/new/moore.sv:23]
INFO: [Synth 8-6155] done synthesizing module 'Top' (0#1) [C:/Users/jflh0/OneDrive/Desktop/9NO SEMESTRE/Codigo/Codigo.srcs/sources_1/new/Top.sv:23]
---------------------------------------------------------------------------------
Finished RTL Elaboration : Time (s): cpu = 00:00:08 ; elapsed = 00:00:10 . Memory (MB): peak = 3356.945 ; gain = 0.000
---------------------------------------------------------------------------------
---------------------------------------------------------------------------------
Start Handling Custom Attributes
---------------------------------------------------------------------------------
---------------------------------------------------------------------------------
Finished Handling Custom Attributes : Time (s): cpu = 00:00:08 ; elapsed = 00:00:10 . Memory (MB): peak = 3356.945 ; gain = 0.000
---------------------------------------------------------------------------------
---------------------------------------------------------------------------------
Finished RTL Optimization Phase 1 : Time (s): cpu = 00:00:08 ; elapsed = 00:00:10 . Memory (MB): peak = 3356.945 ; gain = 0.000
---------------------------------------------------------------------------------
Netlist sorting complete. Time (s): cpu = 00:00:00 ; elapsed = 00:00:00.001 . Memory (MB): peak = 3356.945 ; gain = 0.000
INFO: [Project 1-570] Preparing netlist for logic optimization

Processing XDC Constraints
Initializing timing engine
Completed Processing XDC Constraints

refresh_design: Time (s): cpu = 00:00:10 ; elapsed = 00:00:14 . Memory (MB): peak = 3356.945 ; gain = 0.000
close_sim
INFO: [Simtcl 6-16] Simulation closed
close_project
open_project C:/Users/jflh0/project_1/project_1.xpr
INFO: [filemgmt 56-3] Default IP Output Path : Could not find the directory 'C:/Users/jflh0/project_1/project_1.gen/sources_1'.
Scanning sources...
Finished scanning sources
WARNING: [Board 49-26] cannot add Board Part xilinx.com:emb-plus-vpr-4616:part0:1.0 available at C:/Xilinx/2025.1/data/xhub/boards\XilinxBoardStore\boards\Xilinx\emb-plus-vpr-4616\1.0\board.xml as part xcve2302-sfva784-2mp-e-s specified in board_part file is either invalid or not available
WARNING: [Board 49-26] cannot add Board Part xilinx.com:emb-plus-vpr-4616:part0:1.1 available at C:/Xilinx/2025.1/data/xhub/boards\XilinxBoardStore\boards\Xilinx\emb-plus-vpr-4616\1.1\board.xml as part xcve2302-sfva784-2mp-e-s specified in board_part file is either invalid or not available
WARNING: [Board 49-26] cannot add Board Part xilinx.com:k24c:part0:1.0 available at C:/Xilinx/2025.1/data/xhub/boards\XilinxBoardStore\boards\Xilinx\k24c\1.0\board.xml as part xck24-ubva530-2lv-c specified in board_part file is either invalid or not available
WARNING: [Board 49-26] cannot add Board Part xilinx.com:k24c:part0:1.1 available at C:/Xilinx/2025.1/data/xhub/boards\XilinxBoardStore\boards\Xilinx\k24c\1.1\board.xml as part xck24-ubva530-2lv-c specified in board_part file is either invalid or not available
WARNING: [Board 49-26] cannot add Board Part xilinx.com:k24i:part0:1.0 available at C:/Xilinx/2025.1/data/xhub/boards\XilinxBoardStore\boards\Xilinx\k24i\1.0\board.xml as part xck24-ubva530-2lvi-i specified in board_part file is either invalid or not available
WARNING: [Board 49-26] cannot add Board Part xilinx.com:k26c:part0:1.2 available at C:/Xilinx/2025.1/data/xhub/boards\XilinxBoardStore\boards\Xilinx\k26c\1.2\board.xml as part xck26-sfvc784-2lv-c specified in board_part file is either invalid or not available
WARNING: [Board 49-26] cannot add Board Part xilinx.com:k26c:part0:1.3 available at C:/Xilinx/2025.1/data/xhub/boards\XilinxBoardStore\boards\Xilinx\k26c\1.3\board.xml as part xck26-sfvc784-2lv-c specified in board_part file is either invalid or not available
WARNING: [Board 49-26] cannot add Board Part xilinx.com:k26c:part0:1.4 available at C:/Xilinx/2025.1/data/xhub/boards\XilinxBoardStore\boards\Xilinx\k26c\1.4\board.xml as part xck26-sfvc784-2lv-c specified in board_part file is either invalid or not available
WARNING: [Board 49-26] cannot add Board Part xilinx.com:k26i:part0:1.2 available at C:/Xilinx/2025.1/data/xhub/boards\XilinxBoardStore\boards\Xilinx\k26i\1.2\board.xml as part xck26-sfvc784-2lvi-i specified in board_part file is either invalid or not available
WARNING: [Board 49-26] cannot add Board Part xilinx.com:k26i:part0:1.3 available at C:/Xilinx/2025.1/data/xhub/boards\XilinxBoardStore\boards\Xilinx\k26i\1.3\board.xml as part xck26-sfvc784-2lvi-i specified in board_part file is either invalid or not available
WARNING: [Board 49-26] cannot add Board Part xilinx.com:k26i:part0:1.4 available at C:/Xilinx/2025.1/data/xhub/boards\XilinxBoardStore\boards\Xilinx\k26i\1.4\board.xml as part xck26-sfvc784-2lvi-i specified in board_part file is either invalid or not available
WARNING: [Board 49-26] cannot add Board Part xilinx.com:kcu105:part0:1.6 available at C:/Xilinx/2025.1/data/xhub/boards\XilinxBoardStore\boards\Xilinx\kcu105\1.6\board.xml as part xcku040-ffva1156-2-e specified in board_part file is either invalid or not available
WARNING: [Board 49-26] cannot add Board Part xilinx.com:kcu105:part0:1.7 available at C:/Xilinx/2025.1/data/xhub/boards\XilinxBoardStore\boards\Xilinx\kcu105\1.7\board.xml as part xcku040-ffva1156-2-e specified in board_part file is either invalid or not available
WARNING: [Board 49-26] cannot add Board Part xilinx.com:kcu116:part0:1.4 available at C:/Xilinx/2025.1/data/xhub/boards\XilinxBoardStore\boards\Xilinx\kcu116\1.4\board.xml as part xcku5p-ffvb676-2-e specified in board_part file is either invalid or not available
WARNING: [Board 49-26] cannot add Board Part xilinx.com:kcu116:part0:1.5 available at C:/Xilinx/2025.1/data/xhub/boards\XilinxBoardStore\boards\Xilinx\kcu116\1.5\board.xml as part xcku5p-ffvb676-2-e specified in board_part file is either invalid or not available
WARNING: [Board 49-26] cannot add Board Part xilinx.com:kcu1500:part0:1.2 available at C:/Xilinx/2025.1/data/xhub/boards\XilinxBoardStore\boards\Xilinx\kcu1500\1.2\board.xml as part xcku115-flvb2104-2-e specified in board_part file is either invalid or not available
WARNING: [Board 49-26] cannot add Board Part xilinx.com:kd240_som:part0:1.0 available at C:/Xilinx/2025.1/data/xhub/boards\XilinxBoardStore\boards\Xilinx\kd240_som\1.0\board.xml as part xck24-ubva530-2lv-c specified in board_part file is either invalid or not available
WARNING: [Board 49-26] cannot add Board Part xilinx.com:kd240_som:part0:1.1 available at C:/Xilinx/2025.1/data/xhub/boards\XilinxBoardStore\boards\Xilinx\kd240_som\1.1\board.xml as part xck24-ubva530-2lv-c specified in board_part file is either invalid or not available
WARNING: [Board 49-26] cannot add Board Part xilinx.com:kr260_som:part0:1.0 available at C:/Xilinx/2025.1/data/xhub/boards\XilinxBoardStore\boards\Xilinx\kr260_som\1.0\board.xml as part xck26-sfvc784-2lv-c specified in board_part file is either invalid or not available
WARNING: [Board 49-26] cannot add Board Part xilinx.com:kr260_som:part0:1.1 available at C:/Xilinx/2025.1/data/xhub/boards\XilinxBoardStore\boards\Xilinx\kr260_som\1.1\board.xml as part xck26-sfvc784-2lv-c specified in board_part file is either invalid or not available
WARNING: [Board 49-26] cannot add Board Part xilinx.com:kv260_som:part0:1.2 available at C:/Xilinx/2025.1/data/xhub/boards\XilinxBoardStore\boards\Xilinx\kv260_som\1.2\board.xml as part xck26-sfvc784-2lv-c specified in board_part file is either invalid or not available
WARNING: [Board 49-26] cannot add Board Part xilinx.com:kv260_som:part0:1.3 available at C:/Xilinx/2025.1/data/xhub/boards\XilinxBoardStore\boards\Xilinx\kv260_som\1.3\board.xml as part xck26-sfvc784-2lv-c specified in board_part file is either invalid or not available
WARNING: [Board 49-26] cannot add Board Part xilinx.com:kv260_som:part0:1.4 available at C:/Xilinx/2025.1/data/xhub/boards\XilinxBoardStore\boards\Xilinx\kv260_som\1.4\board.xml as part xck26-sfvc784-2lv-c specified in board_part file is either invalid or not available
WARNING: [Board 49-26] cannot add Board Part xilinx.com:scu35:part0:1.0 available at C:/Xilinx/2025.1/data/xhub/boards\XilinxBoardStore\boards\Xilinx\scu35\1.0\board.xml as part xcsu35p-sbvb625-2-e specified in board_part file is either invalid or not available
WARNING: [Board 49-26] cannot add Board Part xilinx.com:v80:part0:1.0 available at C:/Xilinx/2025.1/data/xhub/boards\XilinxBoardStore\boards\Xilinx\v80\1.0\board.xml as part xcv80-lsva4737-2mhp-e-s specified in board_part file is either invalid or not available
WARNING: [Board 49-26] cannot add Board Part xilinx.com:vck190:part0:2.2 available at C:/Xilinx/2025.1/data/xhub/boards\XilinxBoardStore\boards\Xilinx\vck190\production\2.2\board.xml as part xcvc1902-vsva2197-2mp-e-s specified in board_part file is either invalid or not available
WARNING: [Board 49-26] cannot add Board Part xilinx.com:vck190:part0:3.0 available at C:/Xilinx/2025.1/data/xhub/boards\XilinxBoardStore\boards\Xilinx\vck190\production\3.0\board.xml as part xcvc1902-vsva2197-2mp-e-s specified in board_part file is either invalid or not available
WARNING: [Board 49-26] cannot add Board Part xilinx.com:vck190:part0:3.1 available at C:/Xilinx/2025.1/data/xhub/boards\XilinxBoardStore\boards\Xilinx\vck190\production\3.1\board.xml as part xcvc1902-vsva2197-2mp-e-s specified in board_part file is either invalid or not available
WARNING: [Board 49-26] cannot add Board Part xilinx.com:vck190:part0:3.2 available at C:/Xilinx/2025.1/data/xhub/boards\XilinxBoardStore\boards\Xilinx\vck190\production\3.2\board.xml as part xcvc1902-vsva2197-2mp-e-s specified in board_part file is either invalid or not available
WARNING: [Board 49-26] cannot add Board Part xilinx.com:vck190:part0:3.3 available at C:/Xilinx/2025.1/data/xhub/boards\XilinxBoardStore\boards\Xilinx\vck190\production\3.3\board.xml as part xcvc1902-vsva2197-2mp-e-s specified in board_part file is either invalid or not available
WARNING: [Board 49-26] cannot add Board Part xilinx.com:vck190:part0:3.4 available at C:/Xilinx/2025.1/data/xhub/boards\XilinxBoardStore\boards\Xilinx\vck190\production\3.4\board.xml as part xcvc1902-vsva2197-2mp-e-s specified in board_part file is either invalid or not available
WARNING: [Board 49-26] cannot add Board Part xilinx.com:vck190_newl:part0:1.0 available at C:/Xilinx/2025.1/data/xhub/boards\XilinxBoardStore\boards\Xilinx\vck190_newl\production\1.0\board.xml as part xcvc1902-vsva2197-2mp-e-s specified in board_part file is either invalid or not available
WARNING: [Board 49-26] cannot add Board Part xilinx.com:vck190_newl:part0:1.1 available at C:/Xilinx/2025.1/data/xhub/boards\XilinxBoardStore\boards\Xilinx\vck190_newl\production\1.1\board.xml as part xcvc1902-vsva2197-2mp-e-s specified in board_part file is either invalid or not available
WARNING: [Board 49-26] cannot add Board Part xilinx.com:vck190_newl:part0:1.2 available at C:/Xilinx/2025.1/data/xhub/boards\XilinxBoardStore\boards\Xilinx\vck190_newl\production\1.2\board.xml as part xcvc1902-vsva2197-2mp-e-s specified in board_part file is either invalid or not available
WARNING: [Board 49-26] cannot add Board Part xilinx.com:vck190_newl:part0:1.3 available at C:/Xilinx/2025.1/data/xhub/boards\XilinxBoardStore\boards\Xilinx\vck190_newl\production\1.3\board.xml as part xcvc1902-vsva2197-2mp-e-s specified in board_part file is either invalid or not available
WARNING: [Board 49-26] cannot add Board Part xilinx.com:vcu108:part0:1.6 available at C:/Xilinx/2025.1/data/xhub/boards\XilinxBoardStore\boards\Xilinx\vcu108\1.6\board.xml as part xcvu095-ffva2104-2-e specified in board_part file is either invalid or not available
WARNING: [Board 49-26] cannot add Board Part xilinx.com:vcu108:part0:1.7 available at C:/Xilinx/2025.1/data/xhub/boards\XilinxBoardStore\boards\Xilinx\vcu108\1.7\board.xml as part xcvu095-ffva2104-2-e specified in board_part file is either invalid or not available
WARNING: [Board 49-26] cannot add Board Part xilinx.com:vcu110:part0:1.4 available at C:/Xilinx/2025.1/data/xhub/boards\XilinxBoardStore\boards\Xilinx\vcu110\1.4\board.xml as part xcvu190-flgc2104-2-e specified in board_part file is either invalid or not available
WARNING: [Board 49-26] cannot add Board Part xilinx.com:vcu118:part0:2.0 available at C:/Xilinx/2025.1/data/xhub/boards\XilinxBoardStore\boards\Xilinx\vcu118\2.0\board.xml as part xcvu9p-flga2104-2l-e specified in board_part file is either invalid or not available
WARNING: [Board 49-26] cannot add Board Part xilinx.com:vcu118:part0:2.3 available at C:/Xilinx/2025.1/data/xhub/boards\XilinxBoardStore\boards\Xilinx\vcu118\2.3\board.xml as part xcvu9p-flga2104-2l-e specified in board_part file is either invalid or not available
WARNING: [Board 49-26] cannot add Board Part xilinx.com:vcu118:part0:2.4 available at C:/Xilinx/2025.1/data/xhub/boards\XilinxBoardStore\boards\Xilinx\vcu118\2.4\board.xml as part xcvu9p-flga2104-2l-e specified in board_part file is either invalid or not available
WARNING: [Board 49-26] cannot add Board Part xilinx.com:vcu128:part0:1.0 available at C:/Xilinx/2025.1/data/xhub/boards\XilinxBoardStore\boards\Xilinx\vcu128\production\1.0\board.xml as part xcvu37p-fsvh2892-2l-e specified in board_part file is either invalid or not available
WARNING: [Board 49-26] cannot add Board Part xilinx.com:vcu129:part0:1.0 available at C:/Xilinx/2025.1/data/xhub/boards\XilinxBoardStore\boards\Xilinx\vcu129\production\1.0\board.xml as part xcvu29p-fsga2577-2l-e specified in board_part file is either invalid or not available
WARNING: [Board 49-26] cannot add Board Part xilinx.com:vcu1525:part0:1.3 available at C:/Xilinx/2025.1/data/xhub/boards\XilinxBoardStore\boards\Xilinx\vcu1525\1.3\board.xml as part xcvu9p-fsgd2104-2l-e specified in board_part file is either invalid or not available
WARNING: [Board 49-26] cannot add Board Part xilinx.com:vek280:part0:1.0 available at C:/Xilinx/2025.1/data/xhub/boards\XilinxBoardStore\boards\Xilinx\vek280\production\1.0\board.xml as part xcve2802-vsvh1760-2mp-e-s specified in board_part file is either invalid or not available
WARNING: [Board 49-26] cannot add Board Part xilinx.com:vek280:part0:1.1 available at C:/Xilinx/2025.1/data/xhub/boards\XilinxBoardStore\boards\Xilinx\vek280\production\1.1\board.xml as part xcve2802-vsvh1760-2mp-e-s specified in board_part file is either invalid or not available
WARNING: [Board 49-26] cannot add Board Part xilinx.com:vek280:part0:1.2 available at C:/Xilinx/2025.1/data/xhub/boards\XilinxBoardStore\boards\Xilinx\vek280\production\1.2\board.xml as part xcve2802-vsvh1760-2mp-e-s specified in board_part file is either invalid or not available
WARNING: [Board 49-26] cannot add Board Part xilinx.com:vek385:part0:1.0 available at C:/Xilinx/2025.1/data/xhub/boards\XilinxBoardStore\boards\Xilinx\vek385\1.0\board.xml as part xc2ve3858-ssva2112-2mp-e-s specified in board_part file is either invalid or not available
WARNING: [Board 49-26] cannot add Board Part xilinx.com:vermeo_t1_mpsoc:part0:1.0 available at C:/Xilinx/2025.1/data/xhub/boards\XilinxBoardStore\boards\Xilinx\vermeo_t1_mpsoc\1.0\board.xml as part xczu19eg-ffvd1760-2l-e specified in board_part file is either invalid or not available
WARNING: [Board 49-26] cannot add Board Part xilinx.com:vermeo_t1_rfsoc:part0:1.0 available at C:/Xilinx/2025.1/data/xhub/boards\XilinxBoardStore\boards\Xilinx\vermeo_t1_rfsoc\1.0\board.xml as part xczu21dr-ffvd1156-2l-e specified in board_part file is either invalid or not available
WARNING: [Board 49-26] cannot add Board Part xilinx.com:vhk158:part0:1.0 available at C:/Xilinx/2025.1/data/xhub/boards\XilinxBoardStore\boards\Xilinx\vhk158\production\1.0\board.xml as part xcvh1582-vsva3697-2mp-e-s specified in board_part file is either invalid or not available
WARNING: [Board 49-26] cannot add Board Part xilinx.com:vhk158:part0:1.1 available at C:/Xilinx/2025.1/data/xhub/boards\XilinxBoardStore\boards\Xilinx\vhk158\production\1.1\board.xml as part xcvh1582-vsva3697-2mp-e-s specified in board_part file is either invalid or not available
WARNING: [Board 49-26] cannot add Board Part xilinx.com:vhk158:part0:1.2 available at C:/Xilinx/2025.1/data/xhub/boards\XilinxBoardStore\boards\Xilinx\vhk158\production\1.2\board.xml as part xcvh1582-vsva3697-2mp-e-s specified in board_part file is either invalid or not available
WARNING: [Board 49-26] cannot add Board Part xilinx.com:vmk180:part0:2.2 available at C:/Xilinx/2025.1/data/xhub/boards\XilinxBoardStore\boards\Xilinx\vmk180\production\2.2\board.xml as part xcvm1802-vsva2197-2mp-e-s specified in board_part file is either invalid or not available
WARNING: [Board 49-26] cannot add Board Part xilinx.com:vmk180:part0:3.0 available at C:/Xilinx/2025.1/data/xhub/boards\XilinxBoardStore\boards\Xilinx\vmk180\production\3.0\board.xml as part xcvm1802-vsva2197-2mp-e-s specified in board_part file is either invalid or not available
WARNING: [Board 49-26] cannot add Board Part xilinx.com:vmk180:part0:3.1 available at C:/Xilinx/2025.1/data/xhub/boards\XilinxBoardStore\boards\Xilinx\vmk180\production\3.1\board.xml as part xcvm1802-vsva2197-2mp-e-s specified in board_part file is either invalid or not available
WARNING: [Board 49-26] cannot add Board Part xilinx.com:vmk180:part0:3.2 available at C:/Xilinx/2025.1/data/xhub/boards\XilinxBoardStore\boards\Xilinx\vmk180\production\3.2\board.xml as part xcvm1802-vsva2197-2mp-e-s specified in board_part file is either invalid or not available
WARNING: [Board 49-26] cannot add Board Part xilinx.com:vmk180:part0:3.3 available at C:/Xilinx/2025.1/data/xhub/boards\XilinxBoardStore\boards\Xilinx\vmk180\production\3.3\board.xml as part xcvm1802-vsva2197-2mp-e-s specified in board_part file is either invalid or not available
WARNING: [Board 49-26] cannot add Board Part xilinx.com:vmk180_newl:part0:1.0 available at C:/Xilinx/2025.1/data/xhub/boards\XilinxBoardStore\boards\Xilinx\vmk180_newl\production\1.0\board.xml as part xcvm1802-vsva2197-2mp-e-s specified in board_part file is either invalid or not available
WARNING: [Board 49-26] cannot add Board Part xilinx.com:vmk180_newl:part0:1.1 available at C:/Xilinx/2025.1/data/xhub/boards\XilinxBoardStore\boards\Xilinx\vmk180_newl\production\1.1\board.xml as part xcvm1802-vsva2197-2mp-e-s specified in board_part file is either invalid or not available
WARNING: [Board 49-26] cannot add Board Part xilinx.com:vpk120:part0:1.0 available at C:/Xilinx/2025.1/data/xhub/boards\XilinxBoardStore\boards\Xilinx\vpk120\production\1.0\board.xml as part xcvp1202-vsva2785-2mp-e-s specified in board_part file is either invalid or not available
WARNING: [Board 49-26] cannot add Board Part xilinx.com:vpk120:part0:1.1 available at C:/Xilinx/2025.1/data/xhub/boards\XilinxBoardStore\boards\Xilinx\vpk120\production\1.1\board.xml as part xcvp1202-vsva2785-2mp-e-s specified in board_part file is either invalid or not available
WARNING: [Board 49-26] cannot add Board Part xilinx.com:vpk120:part0:1.2 available at C:/Xilinx/2025.1/data/xhub/boards\XilinxBoardStore\boards\Xilinx\vpk120\production\1.2\board.xml as part xcvp1202-vsva2785-2mp-e-s specified in board_part file is either invalid or not available
WARNING: [Board 49-26] cannot add Board Part xilinx.com:vpk180:part0:1.0 available at C:/Xilinx/2025.1/data/xhub/boards\XilinxBoardStore\boards\Xilinx\vpk180\production\1.0\board.xml as part xcvp1802-lsvc4072-2mp-e-s specified in board_part file is either invalid or not available
WARNING: [Board 49-26] cannot add Board Part xilinx.com:vpk180:part0:1.1 available at C:/Xilinx/2025.1/data/xhub/boards\XilinxBoardStore\boards\Xilinx\vpk180\production\1.1\board.xml as part xcvp1802-lsvc4072-2mp-e-s specified in board_part file is either invalid or not available
WARNING: [Board 49-26] cannot add Board Part xilinx.com:vpk180:part0:1.2 available at C:/Xilinx/2025.1/data/xhub/boards\XilinxBoardStore\boards\Xilinx\vpk180\production\1.2\board.xml as part xcvp1802-lsvc4072-2mp-e-s specified in board_part file is either invalid or not available
WARNING: [Board 49-26] cannot add Board Part xilinx.com:zcu102:part0:3.3 available at C:/Xilinx/2025.1/data/xhub/boards\XilinxBoardStore\boards\Xilinx\zcu102\3.3\board.xml as part xczu9eg-ffvb1156-2-e specified in board_part file is either invalid or not available
WARNING: [Board 49-26] cannot add Board Part xilinx.com:zcu102:part0:3.4 available at C:/Xilinx/2025.1/data/xhub/boards\XilinxBoardStore\boards\Xilinx\zcu102\3.4\board.xml as part xczu9eg-ffvb1156-2-e specified in board_part file is either invalid or not available
WARNING: [Board 49-26] cannot add Board Part xilinx.com:zcu104:part0:1.1 available at C:/Xilinx/2025.1/data/xhub/boards\XilinxBoardStore\boards\Xilinx\zcu104\1.1\board.xml as part xczu7ev-ffvc1156-2-e specified in board_part file is either invalid or not available
WARNING: [Board 49-26] cannot add Board Part xilinx.com:zcu106:part0:2.4 available at C:/Xilinx/2025.1/data/xhub/boards\XilinxBoardStore\boards\Xilinx\zcu106\2.4\board.xml as part xczu7ev-ffvc1156-2-e specified in board_part file is either invalid or not available
WARNING: [Board 49-26] cannot add Board Part xilinx.com:zcu106:part0:2.5 available at C:/Xilinx/2025.1/data/xhub/boards\XilinxBoardStore\boards\Xilinx\zcu106\2.5\board.xml as part xczu7ev-ffvc1156-2-e specified in board_part file is either invalid or not available
WARNING: [Board 49-26] cannot add Board Part xilinx.com:zcu106:part0:2.6 available at C:/Xilinx/2025.1/data/xhub/boards\XilinxBoardStore\boards\Xilinx\zcu106\2.6\board.xml as part xczu7ev-ffvc1156-2-e specified in board_part file is either invalid or not available
WARNING: [Board 49-26] cannot add Board Part xilinx.com:zcu111:part0:1.2 available at C:/Xilinx/2025.1/data/xhub/boards\XilinxBoardStore\boards\Xilinx\zcu111\1.2\board.xml as part xczu28dr-ffvg1517-2-e specified in board_part file is either invalid or not available
WARNING: [Board 49-26] cannot add Board Part xilinx.com:zcu111:part0:1.3 available at C:/Xilinx/2025.1/data/xhub/boards\XilinxBoardStore\boards\Xilinx\zcu111\1.3\board.xml as part xczu28dr-ffvg1517-2-e specified in board_part file is either invalid or not available
WARNING: [Board 49-26] cannot add Board Part xilinx.com:zcu111:part0:1.4 available at C:/Xilinx/2025.1/data/xhub/boards\XilinxBoardStore\boards\Xilinx\zcu111\1.4\board.xml as part xczu28dr-ffvg1517-2-e specified in board_part file is either invalid or not available
WARNING: [Board 49-26] cannot add Board Part xilinx.com:zcu1275:part0:1.0 available at C:/Xilinx/2025.1/data/xhub/boards\XilinxBoardStore\boards\Xilinx\zcu1275\1.0\board.xml as part xczu29dr-ffvf1760-2-e specified in board_part file is either invalid or not available
WARNING: [Board 49-26] cannot add Board Part xilinx.com:zcu1285:part0:1.0 available at C:/Xilinx/2025.1/data/xhub/boards\XilinxBoardStore\boards\Xilinx\zcu1285\1.0\board.xml as part xczu39dr-ffvf1760-2-i specified in board_part file is either invalid or not available
WARNING: [Board 49-26] cannot add Board Part xilinx.com:zcu208:part0:2.0 available at C:/Xilinx/2025.1/data/xhub/boards\XilinxBoardStore\boards\Xilinx\zcu208\production\2.0\board.xml as part xczu48dr-fsvg1517-2-e specified in board_part file is either invalid or not available
WARNING: [Board 49-26] cannot add Board Part xilinx.com:zcu208ld:part0:2.0 available at C:/Xilinx/2025.1/data/xhub/boards\XilinxBoardStore\boards\Xilinx\zcu208ld\production\2.0\board.xml as part xczu58dr-fsvg1517-2-i specified in board_part file is either invalid or not available
WARNING: [Board 49-26] cannot add Board Part xilinx.com:zcu216:part0:2.0 available at C:/Xilinx/2025.1/data/xhub/boards\XilinxBoardStore\boards\Xilinx\zcu216\production\2.0\board.xml as part xczu49dr-ffvf1760-2-e specified in board_part file is either invalid or not available
WARNING: [Board 49-26] cannot add Board Part xilinx.com:zcu216ld:part0:2.0 available at C:/Xilinx/2025.1/data/xhub/boards\XilinxBoardStore\boards\Xilinx\zcu216ld\production\2.0\board.xml as part xczu59dr-ffvf1760-2-i specified in board_part file is either invalid or not available
WARNING: [Board 49-26] cannot add Board Part xilinx.com:zcu670:part0:2.0 available at C:/Xilinx/2025.1/data/xhub/boards\XilinxBoardStore\boards\Xilinx\zcu670\2.0\board.xml as part xczu67dr-fsve1156-2-i specified in board_part file is either invalid or not available
WARNING: [Board 49-26] cannot add Board Part xilinx.com:zcu670ld:part0:1.0 available at C:/Xilinx/2025.1/data/xhub/boards\XilinxBoardStore\boards\Xilinx\zcu670ld\1.0\board.xml as part xczu57dr-fsve1156-2-i specified in board_part file is either invalid or not available
WARNING: [Project 1-5713] Board part '' set for the project  is not found. BoardPart property will be unset. Please select board from latest repo build 
INFO: [IP_Flow 19-234] Refreshing IP repositories
INFO: [IP_Flow 19-1704] No user IP repositories specified
INFO: [IP_Flow 19-2313] Loaded Vivado IP repository 'C:/Xilinx/2025.1/Vivado/data/ip'.
update_compile_order -fileset sources_1
synth_design -top Tarea -part xc7a35tcpg236-3 -lint 
Command: synth_design -top Tarea -part xc7a35tcpg236-3 -lint
Starting synth_design
Attempting to get a license for feature 'Synthesis' and/or device 'xc7a35t'
INFO: [Common 17-349] Got license for feature 'Synthesis' and/or device 'xc7a35t'
INFO: [Synth 8-7079] Multithreading enabled for synth_design using a maximum of 2 processes.
---------------------------------------------------------------------------------
Starting Synthesize : Time (s): cpu = 00:00:05 ; elapsed = 00:00:07 . Memory (MB): peak = 3356.945 ; gain = 0.000
---------------------------------------------------------------------------------
Clean up Linter database...
INFO: [Synth 8-6157] synthesizing module 'Tarea' [C:/Users/jflh0/project_1/project_1.srcs/sources_1/new/Tarea.sv:23]
INFO: [Synth 8-6155] done synthesizing module 'Tarea' (1#1) [C:/Users/jflh0/project_1/project_1.srcs/sources_1/new/Tarea.sv:23]
---------------------------------------------------------------------------------
Finished Synthesize : Time (s): cpu = 00:00:06 ; elapsed = 00:00:09 . Memory (MB): peak = 3356.945 ; gain = 0.000
---------------------------------------------------------------------------------
Copyright 1986-2022 Xilinx, Inc. All Rights Reserved. Copyright 2022-2025 Advanced Micro Devices, Inc. All Rights Reserved.
---------------------------------------------------------------------------------------------------------------------------------------------
| Tool Version : Vivado v.2025.1 (win64) Build 6140274 Thu May 22 00:12:29 MDT 2025
| Date         : Tue Oct  6 11:06:58 2026
| Host         : JesusHernandez running 64-bit major release  (build 9200)
---------------------------------------------------------------------------------------------------------------------------------------------

RTL Linter Report

Table of Contents
-----------------
1. Summary

1. Summary
----------

+---------+----------+--------------+----------+
| Rule ID | Severity | # Violations | # Waived |
+---------+----------+--------------+----------+


INFO: [Synth 37-85] Total of 0 linter message(s) generated.
INFO: [Synth 37-45] Linter Run Finished!
Synthesis Optimization Runtime : Time (s): cpu = 00:00:06 ; elapsed = 00:00:09 . Memory (MB): peak = 3356.945 ; gain = 0.000
INFO: [Common 17-83] Releasing license: Synthesis
7 Infos, 0 Warnings, 0 Critical Warnings and 0 Errors encountered.
synth_design completed successfully
synth_design: Time (s): cpu = 00:00:06 ; elapsed = 00:00:09 . Memory (MB): peak = 3356.945 ; gain = 0.000
synth_design -rtl -rtl_skip_mlo -name rtl_1
Command: synth_design -rtl -rtl_skip_mlo -name rtl_1
Starting synth_design
Using part: xc7a35tcpg236-3
Top: Tarea
INFO: [Synth 8-7079] Multithreading enabled for synth_design using a maximum of 2 processes.
---------------------------------------------------------------------------------
Starting RTL Elaboration : Time (s): cpu = 00:00:05 ; elapsed = 00:00:07 . Memory (MB): peak = 3356.945 ; gain = 0.000
---------------------------------------------------------------------------------
INFO: [Synth 8-6157] synthesizing module 'Tarea' [C:/Users/jflh0/project_1/project_1.srcs/sources_1/new/Tarea.sv:23]
INFO: [Synth 8-6155] done synthesizing module 'Tarea' (0#1) [C:/Users/jflh0/project_1/project_1.srcs/sources_1/new/Tarea.sv:23]
---------------------------------------------------------------------------------
Finished RTL Elaboration : Time (s): cpu = 00:00:06 ; elapsed = 00:00:09 . Memory (MB): peak = 3356.945 ; gain = 0.000
---------------------------------------------------------------------------------
---------------------------------------------------------------------------------
Start Handling Custom Attributes
---------------------------------------------------------------------------------
---------------------------------------------------------------------------------
Finished Handling Custom Attributes : Time (s): cpu = 00:00:06 ; elapsed = 00:00:09 . Memory (MB): peak = 3356.945 ; gain = 0.000
---------------------------------------------------------------------------------
---------------------------------------------------------------------------------
Finished RTL Optimization Phase 1 : Time (s): cpu = 00:00:06 ; elapsed = 00:00:09 . Memory (MB): peak = 3356.945 ; gain = 0.000
---------------------------------------------------------------------------------
Netlist sorting complete. Time (s): cpu = 00:00:00 ; elapsed = 00:00:00 . Memory (MB): peak = 3356.945 ; gain = 0.000
INFO: [Project 1-570] Preparing netlist for logic optimization

Processing XDC Constraints
Initializing timing engine
Completed Processing XDC Constraints

Netlist sorting complete. Time (s): cpu = 00:00:00 ; elapsed = 00:00:00 . Memory (MB): peak = 3356.945 ; gain = 0.000
INFO: [Project 1-111] Unisim Transformation Summary:
No Unisim elements were transformed.

RTL Elaboration Complete:  : Time (s): cpu = 00:00:08 ; elapsed = 00:00:12 . Memory (MB): peak = 3356.945 ; gain = 0.000
5 Infos, 0 Warnings, 0 Critical Warnings and 0 Errors encountered.
synth_design completed successfully
synth_design: Time (s): cpu = 00:00:08 ; elapsed = 00:00:12 . Memory (MB): peak = 3356.945 ; gain = 0.000
WARNING: [filemgmt 56-199] Attempt to get parsing info during refresh. "On-the-fly" syntax checking information may be incorrect. [C:\Users\jflh0\project_1\project_1.srcs\sources_1\new\Tarea.sv:]
WARNING: [filemgmt 56-199] Attempt to get parsing info during refresh. "On-the-fly" syntax checking information may be incorrect. [C:\Users\jflh0\project_1\project_1.srcs\sim_1\new\Tarea_tb.sv:]
WARNING: [filemgmt 56-199] Attempt to get parsing info during refresh. "On-the-fly" syntax checking information may be incorrect. [C:\Users\jflh0\project_1\project_1.srcs\sources_1\new\Tarea.sv:]
WARNING: [filemgmt 56-199] Attempt to get parsing info during refresh. "On-the-fly" syntax checking information may be incorrect. [C:\Users\jflh0\project_1\project_1.srcs\sources_1\new\Tarea.sv:]
refresh_design
INFO: [Synth 8-7079] Multithreading enabled for synth_design using a maximum of 2 processes.
---------------------------------------------------------------------------------
Starting RTL Elaboration : Time (s): cpu = 00:00:06 ; elapsed = 00:00:07 . Memory (MB): peak = 3356.945 ; gain = 0.000
---------------------------------------------------------------------------------
INFO: [Synth 8-6157] synthesizing module 'Tarea' [C:/Users/jflh0/project_1/project_1.srcs/sources_1/new/Tarea.sv:23]
INFO: [Synth 8-6155] done synthesizing module 'Tarea' (0#1) [C:/Users/jflh0/project_1/project_1.srcs/sources_1/new/Tarea.sv:23]
---------------------------------------------------------------------------------
Finished RTL Elaboration : Time (s): cpu = 00:00:07 ; elapsed = 00:00:10 . Memory (MB): peak = 3356.945 ; gain = 0.000
---------------------------------------------------------------------------------
---------------------------------------------------------------------------------
Start Handling Custom Attributes
---------------------------------------------------------------------------------
---------------------------------------------------------------------------------
Finished Handling Custom Attributes : Time (s): cpu = 00:00:07 ; elapsed = 00:00:10 . Memory (MB): peak = 3356.945 ; gain = 0.000
---------------------------------------------------------------------------------
---------------------------------------------------------------------------------
Finished RTL Optimization Phase 1 : Time (s): cpu = 00:00:07 ; elapsed = 00:00:10 . Memory (MB): peak = 3356.945 ; gain = 0.000
---------------------------------------------------------------------------------
Netlist sorting complete. Time (s): cpu = 00:00:00 ; elapsed = 00:00:00.001 . Memory (MB): peak = 3356.945 ; gain = 0.000
INFO: [Project 1-570] Preparing netlist for logic optimization

Processing XDC Constraints
Initializing timing engine
Completed Processing XDC Constraints

refresh_design: Time (s): cpu = 00:00:10 ; elapsed = 00:00:13 . Memory (MB): peak = 3356.945 ; gain = 0.000
launch_simulation
Command: launch_simulation 
INFO: [Vivado 12-12493] Simulation top is 'Tarea_tb'
INFO: [Vivado 12-5682] Launching behavioral simulation in 'C:/Users/jflh0/project_1/project_1.sim/sim_1/behav/xsim'
INFO: [SIM-utils-51] Simulation object is 'sim_1'
INFO: [SIM-utils-72] Using boost library from 'C:/Xilinx/2025.1/Vivado/tps/boost_1_72_0'
INFO: [SIM-utils-54] Inspecting design source files for 'Tarea_tb' in fileset 'sim_1'...
INFO: [USF-XSim-97] Finding global include files...
INFO: [USF-XSim-98] Fetching design files from 'sim_1'...
INFO: [USF-XSim-2] XSim::Compile design
INFO: [USF-XSim-61] Executing 'COMPILE and ANALYZE' step in 'C:/Users/jflh0/project_1/project_1.sim/sim_1/behav/xsim'
"xvlog --incr --relax -L uvm -prj Tarea_tb_vlog.prj"
INFO: [VRFC 10-2263] Analyzing SystemVerilog file "C:/Users/jflh0/project_1/project_1.srcs/sources_1/new/Tarea.sv" into library xil_defaultlib
INFO: [VRFC 10-311] analyzing module Tarea
INFO: [VRFC 10-2263] Analyzing SystemVerilog file "C:/Users/jflh0/project_1/project_1.srcs/sim_1/new/Tarea_tb.sv" into library xil_defaultlib
INFO: [VRFC 10-311] analyzing module Tarea_tb
INFO: [USF-XSim-69] 'compile' step finished in '2' seconds
INFO: [USF-XSim-3] XSim::Elaborate design
INFO: [USF-XSim-61] Executing 'ELABORATE' step in 'C:/Users/jflh0/project_1/project_1.sim/sim_1/behav/xsim'
"xelab --incr --debug typical --relax --mt 2 -L xil_defaultlib -L uvm -L unisims_ver -L unimacro_ver -L secureip --snapshot Tarea_tb_behav xil_defaultlib.Tarea_tb xil_defaultlib.glbl -log elaborate.log"
Vivado Simulator v2025.1.0
Copyright 1986-2022 Xilinx, Inc. All Rights Reserved.
Copyright 2022-2025 Advanced Micro Devices, Inc. All Rights Reserved.
Running: C:/Xilinx/2025.1/Vivado/bin/unwrapped/win64.o/xelab.exe --incr --debug typical --relax --mt 2 -L xil_defaultlib -L uvm -L unisims_ver -L unimacro_ver -L secureip --snapshot Tarea_tb_behav xil_defaultlib.Tarea_tb xil_defaultlib.glbl -log elaborate.log 
Using 2 slave threads.
Starting static elaboration
Pass Through NonSizing Optimizer
Completed static elaboration
Starting simulation data flow analysis
Completed simulation data flow analysis
Time Resolution for simulation is 1ps
Compiling module xil_defaultlib.Tarea
Compiling module xil_defaultlib.Tarea_tb
Compiling module xil_defaultlib.glbl
Built simulation snapshot Tarea_tb_behav
INFO: [USF-XSim-69] 'elaborate' step finished in '4' seconds
INFO: [USF-XSim-4] XSim::Simulate design
INFO: [USF-XSim-61] Executing 'SIMULATE' step in 'C:/Users/jflh0/project_1/project_1.sim/sim_1/behav/xsim'
INFO: [USF-XSim-98] *** Running xsim
   with args "Tarea_tb_behav -key {Behavioral:sim_1:Functional:Tarea_tb} -tclbatch {Tarea_tb.tcl} -log {simulate.log}"
INFO: [USF-XSim-8] Loading simulator feature
Time resolution is 1 ps
source Tarea_tb.tcl
# set curr_wave [current_wave_config]
# if { [string length $curr_wave] == 0 } {
#   if { [llength [get_objects]] > 0} {
#     add_wave /
#     set_property needs_save false [current_wave_config]
#   } else {
#      send_msg_id Add_Wave-1 WARNING "No top level signals found. Simulator will start without a wave window. If you want to open a wave window go to 'File->New Waveform Configuration' or type 'create_wave_config' in the TCL console."
#   }
# }
# run 1000ns
$finish called at time : 90 ns : File "C:/Users/jflh0/project_1/project_1.srcs/sim_1/new/Tarea_tb.sv" Line 90
INFO: [USF-XSim-96] XSim completed. Design snapshot 'Tarea_tb_behav' loaded.
INFO: [USF-XSim-97] XSim simulation ran for 1000ns
launch_simulation: Time (s): cpu = 00:00:03 ; elapsed = 00:00:09 . Memory (MB): peak = 3356.945 ; gain = 0.000
close_sim
INFO: [Simtcl 6-16] Simulation closed
close_design
close_project
open_project {C:/Users/jflh0/OneDrive/Desktop/9NO SEMESTRE/Codigo/Codigo.xpr}
INFO: [filemgmt 56-3] Default IP Output Path : Could not find the directory 'C:/Users/jflh0/OneDrive/Desktop/9NO SEMESTRE/Codigo/Codigo.gen/sources_1'.
Scanning sources...
Finished scanning sources
WARNING: [Board 49-26] cannot add Board Part xilinx.com:emb-plus-vpr-4616:part0:1.0 available at C:/Xilinx/2025.1/data/xhub/boards\XilinxBoardStore\boards\Xilinx\emb-plus-vpr-4616\1.0\board.xml as part xcve2302-sfva784-2mp-e-s specified in board_part file is either invalid or not available
WARNING: [Board 49-26] cannot add Board Part xilinx.com:emb-plus-vpr-4616:part0:1.1 available at C:/Xilinx/2025.1/data/xhub/boards\XilinxBoardStore\boards\Xilinx\emb-plus-vpr-4616\1.1\board.xml as part xcve2302-sfva784-2mp-e-s specified in board_part file is either invalid or not available
WARNING: [Board 49-26] cannot add Board Part xilinx.com:k24c:part0:1.0 available at C:/Xilinx/2025.1/data/xhub/boards\XilinxBoardStore\boards\Xilinx\k24c\1.0\board.xml as part xck24-ubva530-2lv-c specified in board_part file is either invalid or not available
WARNING: [Board 49-26] cannot add Board Part xilinx.com:k24c:part0:1.1 available at C:/Xilinx/2025.1/data/xhub/boards\XilinxBoardStore\boards\Xilinx\k24c\1.1\board.xml as part xck24-ubva530-2lv-c specified in board_part file is either invalid or not available
WARNING: [Board 49-26] cannot add Board Part xilinx.com:k24i:part0:1.0 available at C:/Xilinx/2025.1/data/xhub/boards\XilinxBoardStore\boards\Xilinx\k24i\1.0\board.xml as part xck24-ubva530-2lvi-i specified in board_part file is either invalid or not available
WARNING: [Board 49-26] cannot add Board Part xilinx.com:k26c:part0:1.2 available at C:/Xilinx/2025.1/data/xhub/boards\XilinxBoardStore\boards\Xilinx\k26c\1.2\board.xml as part xck26-sfvc784-2lv-c specified in board_part file is either invalid or not available
WARNING: [Board 49-26] cannot add Board Part xilinx.com:k26c:part0:1.3 available at C:/Xilinx/2025.1/data/xhub/boards\XilinxBoardStore\boards\Xilinx\k26c\1.3\board.xml as part xck26-sfvc784-2lv-c specified in board_part file is either invalid or not available
WARNING: [Board 49-26] cannot add Board Part xilinx.com:k26c:part0:1.4 available at C:/Xilinx/2025.1/data/xhub/boards\XilinxBoardStore\boards\Xilinx\k26c\1.4\board.xml as part xck26-sfvc784-2lv-c specified in board_part file is either invalid or not available
WARNING: [Board 49-26] cannot add Board Part xilinx.com:k26i:part0:1.2 available at C:/Xilinx/2025.1/data/xhub/boards\XilinxBoardStore\boards\Xilinx\k26i\1.2\board.xml as part xck26-sfvc784-2lvi-i specified in board_part file is either invalid or not available
WARNING: [Board 49-26] cannot add Board Part xilinx.com:k26i:part0:1.3 available at C:/Xilinx/2025.1/data/xhub/boards\XilinxBoardStore\boards\Xilinx\k26i\1.3\board.xml as part xck26-sfvc784-2lvi-i specified in board_part file is either invalid or not available
WARNING: [Board 49-26] cannot add Board Part xilinx.com:k26i:part0:1.4 available at C:/Xilinx/2025.1/data/xhub/boards\XilinxBoardStore\boards\Xilinx\k26i\1.4\board.xml as part xck26-sfvc784-2lvi-i specified in board_part file is either invalid or not available
WARNING: [Board 49-26] cannot add Board Part xilinx.com:kcu105:part0:1.6 available at C:/Xilinx/2025.1/data/xhub/boards\XilinxBoardStore\boards\Xilinx\kcu105\1.6\board.xml as part xcku040-ffva1156-2-e specified in board_part file is either invalid or not available
WARNING: [Board 49-26] cannot add Board Part xilinx.com:kcu105:part0:1.7 available at C:/Xilinx/2025.1/data/xhub/boards\XilinxBoardStore\boards\Xilinx\kcu105\1.7\board.xml as part xcku040-ffva1156-2-e specified in board_part file is either invalid or not available
WARNING: [Board 49-26] cannot add Board Part xilinx.com:kcu116:part0:1.4 available at C:/Xilinx/2025.1/data/xhub/boards\XilinxBoardStore\boards\Xilinx\kcu116\1.4\board.xml as part xcku5p-ffvb676-2-e specified in board_part file is either invalid or not available
WARNING: [Board 49-26] cannot add Board Part xilinx.com:kcu116:part0:1.5 available at C:/Xilinx/2025.1/data/xhub/boards\XilinxBoardStore\boards\Xilinx\kcu116\1.5\board.xml as part xcku5p-ffvb676-2-e specified in board_part file is either invalid or not available
WARNING: [Board 49-26] cannot add Board Part xilinx.com:kcu1500:part0:1.2 available at C:/Xilinx/2025.1/data/xhub/boards\XilinxBoardStore\boards\Xilinx\kcu1500\1.2\board.xml as part xcku115-flvb2104-2-e specified in board_part file is either invalid or not available
WARNING: [Board 49-26] cannot add Board Part xilinx.com:kd240_som:part0:1.0 available at C:/Xilinx/2025.1/data/xhub/boards\XilinxBoardStore\boards\Xilinx\kd240_som\1.0\board.xml as part xck24-ubva530-2lv-c specified in board_part file is either invalid or not available
WARNING: [Board 49-26] cannot add Board Part xilinx.com:kd240_som:part0:1.1 available at C:/Xilinx/2025.1/data/xhub/boards\XilinxBoardStore\boards\Xilinx\kd240_som\1.1\board.xml as part xck24-ubva530-2lv-c specified in board_part file is either invalid or not available
WARNING: [Board 49-26] cannot add Board Part xilinx.com:kr260_som:part0:1.0 available at C:/Xilinx/2025.1/data/xhub/boards\XilinxBoardStore\boards\Xilinx\kr260_som\1.0\board.xml as part xck26-sfvc784-2lv-c specified in board_part file is either invalid or not available
WARNING: [Board 49-26] cannot add Board Part xilinx.com:kr260_som:part0:1.1 available at C:/Xilinx/2025.1/data/xhub/boards\XilinxBoardStore\boards\Xilinx\kr260_som\1.1\board.xml as part xck26-sfvc784-2lv-c specified in board_part file is either invalid or not available
WARNING: [Board 49-26] cannot add Board Part xilinx.com:kv260_som:part0:1.2 available at C:/Xilinx/2025.1/data/xhub/boards\XilinxBoardStore\boards\Xilinx\kv260_som\1.2\board.xml as part xck26-sfvc784-2lv-c specified in board_part file is either invalid or not available
WARNING: [Board 49-26] cannot add Board Part xilinx.com:kv260_som:part0:1.3 available at C:/Xilinx/2025.1/data/xhub/boards\XilinxBoardStore\boards\Xilinx\kv260_som\1.3\board.xml as part xck26-sfvc784-2lv-c specified in board_part file is either invalid or not available
WARNING: [Board 49-26] cannot add Board Part xilinx.com:kv260_som:part0:1.4 available at C:/Xilinx/2025.1/data/xhub/boards\XilinxBoardStore\boards\Xilinx\kv260_som\1.4\board.xml as part xck26-sfvc784-2lv-c specified in board_part file is either invalid or not available
WARNING: [Board 49-26] cannot add Board Part xilinx.com:scu35:part0:1.0 available at C:/Xilinx/2025.1/data/xhub/boards\XilinxBoardStore\boards\Xilinx\scu35\1.0\board.xml as part xcsu35p-sbvb625-2-e specified in board_part file is either invalid or not available
WARNING: [Board 49-26] cannot add Board Part xilinx.com:v80:part0:1.0 available at C:/Xilinx/2025.1/data/xhub/boards\XilinxBoardStore\boards\Xilinx\v80\1.0\board.xml as part xcv80-lsva4737-2mhp-e-s specified in board_part file is either invalid or not available
WARNING: [Board 49-26] cannot add Board Part xilinx.com:vck190:part0:2.2 available at C:/Xilinx/2025.1/data/xhub/boards\XilinxBoardStore\boards\Xilinx\vck190\production\2.2\board.xml as part xcvc1902-vsva2197-2mp-e-s specified in board_part file is either invalid or not available
WARNING: [Board 49-26] cannot add Board Part xilinx.com:vck190:part0:3.0 available at C:/Xilinx/2025.1/data/xhub/boards\XilinxBoardStore\boards\Xilinx\vck190\production\3.0\board.xml as part xcvc1902-vsva2197-2mp-e-s specified in board_part file is either invalid or not available
WARNING: [Board 49-26] cannot add Board Part xilinx.com:vck190:part0:3.1 available at C:/Xilinx/2025.1/data/xhub/boards\XilinxBoardStore\boards\Xilinx\vck190\production\3.1\board.xml as part xcvc1902-vsva2197-2mp-e-s specified in board_part file is either invalid or not available
WARNING: [Board 49-26] cannot add Board Part xilinx.com:vck190:part0:3.2 available at C:/Xilinx/2025.1/data/xhub/boards\XilinxBoardStore\boards\Xilinx\vck190\production\3.2\board.xml as part xcvc1902-vsva2197-2mp-e-s specified in board_part file is either invalid or not available
WARNING: [Board 49-26] cannot add Board Part xilinx.com:vck190:part0:3.3 available at C:/Xilinx/2025.1/data/xhub/boards\XilinxBoardStore\boards\Xilinx\vck190\production\3.3\board.xml as part xcvc1902-vsva2197-2mp-e-s specified in board_part file is either invalid or not available
WARNING: [Board 49-26] cannot add Board Part xilinx.com:vck190:part0:3.4 available at C:/Xilinx/2025.1/data/xhub/boards\XilinxBoardStore\boards\Xilinx\vck190\production\3.4\board.xml as part xcvc1902-vsva2197-2mp-e-s specified in board_part file is either invalid or not available
WARNING: [Board 49-26] cannot add Board Part xilinx.com:vck190_newl:part0:1.0 available at C:/Xilinx/2025.1/data/xhub/boards\XilinxBoardStore\boards\Xilinx\vck190_newl\production\1.0\board.xml as part xcvc1902-vsva2197-2mp-e-s specified in board_part file is either invalid or not available
WARNING: [Board 49-26] cannot add Board Part xilinx.com:vck190_newl:part0:1.1 available at C:/Xilinx/2025.1/data/xhub/boards\XilinxBoardStore\boards\Xilinx\vck190_newl\production\1.1\board.xml as part xcvc1902-vsva2197-2mp-e-s specified in board_part file is either invalid or not available
WARNING: [Board 49-26] cannot add Board Part xilinx.com:vck190_newl:part0:1.2 available at C:/Xilinx/2025.1/data/xhub/boards\XilinxBoardStore\boards\Xilinx\vck190_newl\production\1.2\board.xml as part xcvc1902-vsva2197-2mp-e-s specified in board_part file is either invalid or not available
WARNING: [Board 49-26] cannot add Board Part xilinx.com:vck190_newl:part0:1.3 available at C:/Xilinx/2025.1/data/xhub/boards\XilinxBoardStore\boards\Xilinx\vck190_newl\production\1.3\board.xml as part xcvc1902-vsva2197-2mp-e-s specified in board_part file is either invalid or not available
WARNING: [Board 49-26] cannot add Board Part xilinx.com:vcu108:part0:1.6 available at C:/Xilinx/2025.1/data/xhub/boards\XilinxBoardStore\boards\Xilinx\vcu108\1.6\board.xml as part xcvu095-ffva2104-2-e specified in board_part file is either invalid or not available
WARNING: [Board 49-26] cannot add Board Part xilinx.com:vcu108:part0:1.7 available at C:/Xilinx/2025.1/data/xhub/boards\XilinxBoardStore\boards\Xilinx\vcu108\1.7\board.xml as part xcvu095-ffva2104-2-e specified in board_part file is either invalid or not available
WARNING: [Board 49-26] cannot add Board Part xilinx.com:vcu110:part0:1.4 available at C:/Xilinx/2025.1/data/xhub/boards\XilinxBoardStore\boards\Xilinx\vcu110\1.4\board.xml as part xcvu190-flgc2104-2-e specified in board_part file is either invalid or not available
WARNING: [Board 49-26] cannot add Board Part xilinx.com:vcu118:part0:2.0 available at C:/Xilinx/2025.1/data/xhub/boards\XilinxBoardStore\boards\Xilinx\vcu118\2.0\board.xml as part xcvu9p-flga2104-2l-e specified in board_part file is either invalid or not available
WARNING: [Board 49-26] cannot add Board Part xilinx.com:vcu118:part0:2.3 available at C:/Xilinx/2025.1/data/xhub/boards\XilinxBoardStore\boards\Xilinx\vcu118\2.3\board.xml as part xcvu9p-flga2104-2l-e specified in board_part file is either invalid or not available
WARNING: [Board 49-26] cannot add Board Part xilinx.com:vcu118:part0:2.4 available at C:/Xilinx/2025.1/data/xhub/boards\XilinxBoardStore\boards\Xilinx\vcu118\2.4\board.xml as part xcvu9p-flga2104-2l-e specified in board_part file is either invalid or not available
WARNING: [Board 49-26] cannot add Board Part xilinx.com:vcu128:part0:1.0 available at C:/Xilinx/2025.1/data/xhub/boards\XilinxBoardStore\boards\Xilinx\vcu128\production\1.0\board.xml as part xcvu37p-fsvh2892-2l-e specified in board_part file is either invalid or not available
WARNING: [Board 49-26] cannot add Board Part xilinx.com:vcu129:part0:1.0 available at C:/Xilinx/2025.1/data/xhub/boards\XilinxBoardStore\boards\Xilinx\vcu129\production\1.0\board.xml as part xcvu29p-fsga2577-2l-e specified in board_part file is either invalid or not available
WARNING: [Board 49-26] cannot add Board Part xilinx.com:vcu1525:part0:1.3 available at C:/Xilinx/2025.1/data/xhub/boards\XilinxBoardStore\boards\Xilinx\vcu1525\1.3\board.xml as part xcvu9p-fsgd2104-2l-e specified in board_part file is either invalid or not available
WARNING: [Board 49-26] cannot add Board Part xilinx.com:vek280:part0:1.0 available at C:/Xilinx/2025.1/data/xhub/boards\XilinxBoardStore\boards\Xilinx\vek280\production\1.0\board.xml as part xcve2802-vsvh1760-2mp-e-s specified in board_part file is either invalid or not available
WARNING: [Board 49-26] cannot add Board Part xilinx.com:vek280:part0:1.1 available at C:/Xilinx/2025.1/data/xhub/boards\XilinxBoardStore\boards\Xilinx\vek280\production\1.1\board.xml as part xcve2802-vsvh1760-2mp-e-s specified in board_part file is either invalid or not available
WARNING: [Board 49-26] cannot add Board Part xilinx.com:vek280:part0:1.2 available at C:/Xilinx/2025.1/data/xhub/boards\XilinxBoardStore\boards\Xilinx\vek280\production\1.2\board.xml as part xcve2802-vsvh1760-2mp-e-s specified in board_part file is either invalid or not available
WARNING: [Board 49-26] cannot add Board Part xilinx.com:vek385:part0:1.0 available at C:/Xilinx/2025.1/data/xhub/boards\XilinxBoardStore\boards\Xilinx\vek385\1.0\board.xml as part xc2ve3858-ssva2112-2mp-e-s specified in board_part file is either invalid or not available
WARNING: [Board 49-26] cannot add Board Part xilinx.com:vermeo_t1_mpsoc:part0:1.0 available at C:/Xilinx/2025.1/data/xhub/boards\XilinxBoardStore\boards\Xilinx\vermeo_t1_mpsoc\1.0\board.xml as part xczu19eg-ffvd1760-2l-e specified in board_part file is either invalid or not available
WARNING: [Board 49-26] cannot add Board Part xilinx.com:vermeo_t1_rfsoc:part0:1.0 available at C:/Xilinx/2025.1/data/xhub/boards\XilinxBoardStore\boards\Xilinx\vermeo_t1_rfsoc\1.0\board.xml as part xczu21dr-ffvd1156-2l-e specified in board_part file is either invalid or not available
WARNING: [Board 49-26] cannot add Board Part xilinx.com:vhk158:part0:1.0 available at C:/Xilinx/2025.1/data/xhub/boards\XilinxBoardStore\boards\Xilinx\vhk158\production\1.0\board.xml as part xcvh1582-vsva3697-2mp-e-s specified in board_part file is either invalid or not available
WARNING: [Board 49-26] cannot add Board Part xilinx.com:vhk158:part0:1.1 available at C:/Xilinx/2025.1/data/xhub/boards\XilinxBoardStore\boards\Xilinx\vhk158\production\1.1\board.xml as part xcvh1582-vsva3697-2mp-e-s specified in board_part file is either invalid or not available
WARNING: [Board 49-26] cannot add Board Part xilinx.com:vhk158:part0:1.2 available at C:/Xilinx/2025.1/data/xhub/boards\XilinxBoardStore\boards\Xilinx\vhk158\production\1.2\board.xml as part xcvh1582-vsva3697-2mp-e-s specified in board_part file is either invalid or not available
WARNING: [Board 49-26] cannot add Board Part xilinx.com:vmk180:part0:2.2 available at C:/Xilinx/2025.1/data/xhub/boards\XilinxBoardStore\boards\Xilinx\vmk180\production\2.2\board.xml as part xcvm1802-vsva2197-2mp-e-s specified in board_part file is either invalid or not available
WARNING: [Board 49-26] cannot add Board Part xilinx.com:vmk180:part0:3.0 available at C:/Xilinx/2025.1/data/xhub/boards\XilinxBoardStore\boards\Xilinx\vmk180\production\3.0\board.xml as part xcvm1802-vsva2197-2mp-e-s specified in board_part file is either invalid or not available
WARNING: [Board 49-26] cannot add Board Part xilinx.com:vmk180:part0:3.1 available at C:/Xilinx/2025.1/data/xhub/boards\XilinxBoardStore\boards\Xilinx\vmk180\production\3.1\board.xml as part xcvm1802-vsva2197-2mp-e-s specified in board_part file is either invalid or not available
WARNING: [Board 49-26] cannot add Board Part xilinx.com:vmk180:part0:3.2 available at C:/Xilinx/2025.1/data/xhub/boards\XilinxBoardStore\boards\Xilinx\vmk180\production\3.2\board.xml as part xcvm1802-vsva2197-2mp-e-s specified in board_part file is either invalid or not available
WARNING: [Board 49-26] cannot add Board Part xilinx.com:vmk180:part0:3.3 available at C:/Xilinx/2025.1/data/xhub/boards\XilinxBoardStore\boards\Xilinx\vmk180\production\3.3\board.xml as part xcvm1802-vsva2197-2mp-e-s specified in board_part file is either invalid or not available
WARNING: [Board 49-26] cannot add Board Part xilinx.com:vmk180_newl:part0:1.0 available at C:/Xilinx/2025.1/data/xhub/boards\XilinxBoardStore\boards\Xilinx\vmk180_newl\production\1.0\board.xml as part xcvm1802-vsva2197-2mp-e-s specified in board_part file is either invalid or not available
WARNING: [Board 49-26] cannot add Board Part xilinx.com:vmk180_newl:part0:1.1 available at C:/Xilinx/2025.1/data/xhub/boards\XilinxBoardStore\boards\Xilinx\vmk180_newl\production\1.1\board.xml as part xcvm1802-vsva2197-2mp-e-s specified in board_part file is either invalid or not available
WARNING: [Board 49-26] cannot add Board Part xilinx.com:vpk120:part0:1.0 available at C:/Xilinx/2025.1/data/xhub/boards\XilinxBoardStore\boards\Xilinx\vpk120\production\1.0\board.xml as part xcvp1202-vsva2785-2mp-e-s specified in board_part file is either invalid or not available
WARNING: [Board 49-26] cannot add Board Part xilinx.com:vpk120:part0:1.1 available at C:/Xilinx/2025.1/data/xhub/boards\XilinxBoardStore\boards\Xilinx\vpk120\production\1.1\board.xml as part xcvp1202-vsva2785-2mp-e-s specified in board_part file is either invalid or not available
WARNING: [Board 49-26] cannot add Board Part xilinx.com:vpk120:part0:1.2 available at C:/Xilinx/2025.1/data/xhub/boards\XilinxBoardStore\boards\Xilinx\vpk120\production\1.2\board.xml as part xcvp1202-vsva2785-2mp-e-s specified in board_part file is either invalid or not available
WARNING: [Board 49-26] cannot add Board Part xilinx.com:vpk180:part0:1.0 available at C:/Xilinx/2025.1/data/xhub/boards\XilinxBoardStore\boards\Xilinx\vpk180\production\1.0\board.xml as part xcvp1802-lsvc4072-2mp-e-s specified in board_part file is either invalid or not available
WARNING: [Board 49-26] cannot add Board Part xilinx.com:vpk180:part0:1.1 available at C:/Xilinx/2025.1/data/xhub/boards\XilinxBoardStore\boards\Xilinx\vpk180\production\1.1\board.xml as part xcvp1802-lsvc4072-2mp-e-s specified in board_part file is either invalid or not available
WARNING: [Board 49-26] cannot add Board Part xilinx.com:vpk180:part0:1.2 available at C:/Xilinx/2025.1/data/xhub/boards\XilinxBoardStore\boards\Xilinx\vpk180\production\1.2\board.xml as part xcvp1802-lsvc4072-2mp-e-s specified in board_part file is either invalid or not available
WARNING: [Board 49-26] cannot add Board Part xilinx.com:zcu102:part0:3.3 available at C:/Xilinx/2025.1/data/xhub/boards\XilinxBoardStore\boards\Xilinx\zcu102\3.3\board.xml as part xczu9eg-ffvb1156-2-e specified in board_part file is either invalid or not available
WARNING: [Board 49-26] cannot add Board Part xilinx.com:zcu102:part0:3.4 available at C:/Xilinx/2025.1/data/xhub/boards\XilinxBoardStore\boards\Xilinx\zcu102\3.4\board.xml as part xczu9eg-ffvb1156-2-e specified in board_part file is either invalid or not available
WARNING: [Board 49-26] cannot add Board Part xilinx.com:zcu104:part0:1.1 available at C:/Xilinx/2025.1/data/xhub/boards\XilinxBoardStore\boards\Xilinx\zcu104\1.1\board.xml as part xczu7ev-ffvc1156-2-e specified in board_part file is either invalid or not available
WARNING: [Board 49-26] cannot add Board Part xilinx.com:zcu106:part0:2.4 available at C:/Xilinx/2025.1/data/xhub/boards\XilinxBoardStore\boards\Xilinx\zcu106\2.4\board.xml as part xczu7ev-ffvc1156-2-e specified in board_part file is either invalid or not available
WARNING: [Board 49-26] cannot add Board Part xilinx.com:zcu106:part0:2.5 available at C:/Xilinx/2025.1/data/xhub/boards\XilinxBoardStore\boards\Xilinx\zcu106\2.5\board.xml as part xczu7ev-ffvc1156-2-e specified in board_part file is either invalid or not available
WARNING: [Board 49-26] cannot add Board Part xilinx.com:zcu106:part0:2.6 available at C:/Xilinx/2025.1/data/xhub/boards\XilinxBoardStore\boards\Xilinx\zcu106\2.6\board.xml as part xczu7ev-ffvc1156-2-e specified in board_part file is either invalid or not available
WARNING: [Board 49-26] cannot add Board Part xilinx.com:zcu111:part0:1.2 available at C:/Xilinx/2025.1/data/xhub/boards\XilinxBoardStore\boards\Xilinx\zcu111\1.2\board.xml as part xczu28dr-ffvg1517-2-e specified in board_part file is either invalid or not available
WARNING: [Board 49-26] cannot add Board Part xilinx.com:zcu111:part0:1.3 available at C:/Xilinx/2025.1/data/xhub/boards\XilinxBoardStore\boards\Xilinx\zcu111\1.3\board.xml as part xczu28dr-ffvg1517-2-e specified in board_part file is either invalid or not available
WARNING: [Board 49-26] cannot add Board Part xilinx.com:zcu111:part0:1.4 available at C:/Xilinx/2025.1/data/xhub/boards\XilinxBoardStore\boards\Xilinx\zcu111\1.4\board.xml as part xczu28dr-ffvg1517-2-e specified in board_part file is either invalid or not available
WARNING: [Board 49-26] cannot add Board Part xilinx.com:zcu1275:part0:1.0 available at C:/Xilinx/2025.1/data/xhub/boards\XilinxBoardStore\boards\Xilinx\zcu1275\1.0\board.xml as part xczu29dr-ffvf1760-2-e specified in board_part file is either invalid or not available
WARNING: [Board 49-26] cannot add Board Part xilinx.com:zcu1285:part0:1.0 available at C:/Xilinx/2025.1/data/xhub/boards\XilinxBoardStore\boards\Xilinx\zcu1285\1.0\board.xml as part xczu39dr-ffvf1760-2-i specified in board_part file is either invalid or not available
WARNING: [Board 49-26] cannot add Board Part xilinx.com:zcu208:part0:2.0 available at C:/Xilinx/2025.1/data/xhub/boards\XilinxBoardStore\boards\Xilinx\zcu208\production\2.0\board.xml as part xczu48dr-fsvg1517-2-e specified in board_part file is either invalid or not available
WARNING: [Board 49-26] cannot add Board Part xilinx.com:zcu208ld:part0:2.0 available at C:/Xilinx/2025.1/data/xhub/boards\XilinxBoardStore\boards\Xilinx\zcu208ld\production\2.0\board.xml as part xczu58dr-fsvg1517-2-i specified in board_part file is either invalid or not available
WARNING: [Board 49-26] cannot add Board Part xilinx.com:zcu216:part0:2.0 available at C:/Xilinx/2025.1/data/xhub/boards\XilinxBoardStore\boards\Xilinx\zcu216\production\2.0\board.xml as part xczu49dr-ffvf1760-2-e specified in board_part file is either invalid or not available
WARNING: [Board 49-26] cannot add Board Part xilinx.com:zcu216ld:part0:2.0 available at C:/Xilinx/2025.1/data/xhub/boards\XilinxBoardStore\boards\Xilinx\zcu216ld\production\2.0\board.xml as part xczu59dr-ffvf1760-2-i specified in board_part file is either invalid or not available
WARNING: [Board 49-26] cannot add Board Part xilinx.com:zcu670:part0:2.0 available at C:/Xilinx/2025.1/data/xhub/boards\XilinxBoardStore\boards\Xilinx\zcu670\2.0\board.xml as part xczu67dr-fsve1156-2-i specified in board_part file is either invalid or not available
WARNING: [Board 49-26] cannot add Board Part xilinx.com:zcu670ld:part0:1.0 available at C:/Xilinx/2025.1/data/xhub/boards\XilinxBoardStore\boards\Xilinx\zcu670ld\1.0\board.xml as part xczu57dr-fsve1156-2-i specified in board_part file is either invalid or not available
WARNING: [Project 1-5713] Board part '' set for the project  is not found. BoardPart property will be unset. Please select board from latest repo build 
INFO: [IP_Flow 19-234] Refreshing IP repositories
INFO: [IP_Flow 19-1704] No user IP repositories specified
INFO: [IP_Flow 19-2313] Loaded Vivado IP repository 'C:/Xilinx/2025.1/Vivado/data/ip'.
update_compile_order -fileset sources_1
close_project
open_project C:/Users/jflh0/project_1/project_1.xpr
INFO: [filemgmt 56-3] Default IP Output Path : Could not find the directory 'C:/Users/jflh0/project_1/project_1.gen/sources_1'.
Scanning sources...
Finished scanning sources
WARNING: [Board 49-26] cannot add Board Part xilinx.com:emb-plus-vpr-4616:part0:1.0 available at C:/Xilinx/2025.1/data/xhub/boards\XilinxBoardStore\boards\Xilinx\emb-plus-vpr-4616\1.0\board.xml as part xcve2302-sfva784-2mp-e-s specified in board_part file is either invalid or not available
WARNING: [Board 49-26] cannot add Board Part xilinx.com:emb-plus-vpr-4616:part0:1.1 available at C:/Xilinx/2025.1/data/xhub/boards\XilinxBoardStore\boards\Xilinx\emb-plus-vpr-4616\1.1\board.xml as part xcve2302-sfva784-2mp-e-s specified in board_part file is either invalid or not available
WARNING: [Board 49-26] cannot add Board Part xilinx.com:k24c:part0:1.0 available at C:/Xilinx/2025.1/data/xhub/boards\XilinxBoardStore\boards\Xilinx\k24c\1.0\board.xml as part xck24-ubva530-2lv-c specified in board_part file is either invalid or not available
WARNING: [Board 49-26] cannot add Board Part xilinx.com:k24c:part0:1.1 available at C:/Xilinx/2025.1/data/xhub/boards\XilinxBoardStore\boards\Xilinx\k24c\1.1\board.xml as part xck24-ubva530-2lv-c specified in board_part file is either invalid or not available
WARNING: [Board 49-26] cannot add Board Part xilinx.com:k24i:part0:1.0 available at C:/Xilinx/2025.1/data/xhub/boards\XilinxBoardStore\boards\Xilinx\k24i\1.0\board.xml as part xck24-ubva530-2lvi-i specified in board_part file is either invalid or not available
WARNING: [Board 49-26] cannot add Board Part xilinx.com:k26c:part0:1.2 available at C:/Xilinx/2025.1/data/xhub/boards\XilinxBoardStore\boards\Xilinx\k26c\1.2\board.xml as part xck26-sfvc784-2lv-c specified in board_part file is either invalid or not available
WARNING: [Board 49-26] cannot add Board Part xilinx.com:k26c:part0:1.3 available at C:/Xilinx/2025.1/data/xhub/boards\XilinxBoardStore\boards\Xilinx\k26c\1.3\board.xml as part xck26-sfvc784-2lv-c specified in board_part file is either invalid or not available
WARNING: [Board 49-26] cannot add Board Part xilinx.com:k26c:part0:1.4 available at C:/Xilinx/2025.1/data/xhub/boards\XilinxBoardStore\boards\Xilinx\k26c\1.4\board.xml as part xck26-sfvc784-2lv-c specified in board_part file is either invalid or not available
WARNING: [Board 49-26] cannot add Board Part xilinx.com:k26i:part0:1.2 available at C:/Xilinx/2025.1/data/xhub/boards\XilinxBoardStore\boards\Xilinx\k26i\1.2\board.xml as part xck26-sfvc784-2lvi-i specified in board_part file is either invalid or not available
WARNING: [Board 49-26] cannot add Board Part xilinx.com:k26i:part0:1.3 available at C:/Xilinx/2025.1/data/xhub/boards\XilinxBoardStore\boards\Xilinx\k26i\1.3\board.xml as part xck26-sfvc784-2lvi-i specified in board_part file is either invalid or not available
WARNING: [Board 49-26] cannot add Board Part xilinx.com:k26i:part0:1.4 available at C:/Xilinx/2025.1/data/xhub/boards\XilinxBoardStore\boards\Xilinx\k26i\1.4\board.xml as part xck26-sfvc784-2lvi-i specified in board_part file is either invalid or not available
WARNING: [Board 49-26] cannot add Board Part xilinx.com:kcu105:part0:1.6 available at C:/Xilinx/2025.1/data/xhub/boards\XilinxBoardStore\boards\Xilinx\kcu105\1.6\board.xml as part xcku040-ffva1156-2-e specified in board_part file is either invalid or not available
WARNING: [Board 49-26] cannot add Board Part xilinx.com:kcu105:part0:1.7 available at C:/Xilinx/2025.1/data/xhub/boards\XilinxBoardStore\boards\Xilinx\kcu105\1.7\board.xml as part xcku040-ffva1156-2-e specified in board_part file is either invalid or not available
WARNING: [Board 49-26] cannot add Board Part xilinx.com:kcu116:part0:1.4 available at C:/Xilinx/2025.1/data/xhub/boards\XilinxBoardStore\boards\Xilinx\kcu116\1.4\board.xml as part xcku5p-ffvb676-2-e specified in board_part file is either invalid or not available
WARNING: [Board 49-26] cannot add Board Part xilinx.com:kcu116:part0:1.5 available at C:/Xilinx/2025.1/data/xhub/boards\XilinxBoardStore\boards\Xilinx\kcu116\1.5\board.xml as part xcku5p-ffvb676-2-e specified in board_part file is either invalid or not available
WARNING: [Board 49-26] cannot add Board Part xilinx.com:kcu1500:part0:1.2 available at C:/Xilinx/2025.1/data/xhub/boards\XilinxBoardStore\boards\Xilinx\kcu1500\1.2\board.xml as part xcku115-flvb2104-2-e specified in board_part file is either invalid or not available
WARNING: [Board 49-26] cannot add Board Part xilinx.com:kd240_som:part0:1.0 available at C:/Xilinx/2025.1/data/xhub/boards\XilinxBoardStore\boards\Xilinx\kd240_som\1.0\board.xml as part xck24-ubva530-2lv-c specified in board_part file is either invalid or not available
WARNING: [Board 49-26] cannot add Board Part xilinx.com:kd240_som:part0:1.1 available at C:/Xilinx/2025.1/data/xhub/boards\XilinxBoardStore\boards\Xilinx\kd240_som\1.1\board.xml as part xck24-ubva530-2lv-c specified in board_part file is either invalid or not available
WARNING: [Board 49-26] cannot add Board Part xilinx.com:kr260_som:part0:1.0 available at C:/Xilinx/2025.1/data/xhub/boards\XilinxBoardStore\boards\Xilinx\kr260_som\1.0\board.xml as part xck26-sfvc784-2lv-c specified in board_part file is either invalid or not available
WARNING: [Board 49-26] cannot add Board Part xilinx.com:kr260_som:part0:1.1 available at C:/Xilinx/2025.1/data/xhub/boards\XilinxBoardStore\boards\Xilinx\kr260_som\1.1\board.xml as part xck26-sfvc784-2lv-c specified in board_part file is either invalid or not available
WARNING: [Board 49-26] cannot add Board Part xilinx.com:kv260_som:part0:1.2 available at C:/Xilinx/2025.1/data/xhub/boards\XilinxBoardStore\boards\Xilinx\kv260_som\1.2\board.xml as part xck26-sfvc784-2lv-c specified in board_part file is either invalid or not available
WARNING: [Board 49-26] cannot add Board Part xilinx.com:kv260_som:part0:1.3 available at C:/Xilinx/2025.1/data/xhub/boards\XilinxBoardStore\boards\Xilinx\kv260_som\1.3\board.xml as part xck26-sfvc784-2lv-c specified in board_part file is either invalid or not available
WARNING: [Board 49-26] cannot add Board Part xilinx.com:kv260_som:part0:1.4 available at C:/Xilinx/2025.1/data/xhub/boards\XilinxBoardStore\boards\Xilinx\kv260_som\1.4\board.xml as part xck26-sfvc784-2lv-c specified in board_part file is either invalid or not available
WARNING: [Board 49-26] cannot add Board Part xilinx.com:scu35:part0:1.0 available at C:/Xilinx/2025.1/data/xhub/boards\XilinxBoardStore\boards\Xilinx\scu35\1.0\board.xml as part xcsu35p-sbvb625-2-e specified in board_part file is either invalid or not available
WARNING: [Board 49-26] cannot add Board Part xilinx.com:v80:part0:1.0 available at C:/Xilinx/2025.1/data/xhub/boards\XilinxBoardStore\boards\Xilinx\v80\1.0\board.xml as part xcv80-lsva4737-2mhp-e-s specified in board_part file is either invalid or not available
WARNING: [Board 49-26] cannot add Board Part xilinx.com:vck190:part0:2.2 available at C:/Xilinx/2025.1/data/xhub/boards\XilinxBoardStore\boards\Xilinx\vck190\production\2.2\board.xml as part xcvc1902-vsva2197-2mp-e-s specified in board_part file is either invalid or not available
WARNING: [Board 49-26] cannot add Board Part xilinx.com:vck190:part0:3.0 available at C:/Xilinx/2025.1/data/xhub/boards\XilinxBoardStore\boards\Xilinx\vck190\production\3.0\board.xml as part xcvc1902-vsva2197-2mp-e-s specified in board_part file is either invalid or not available
WARNING: [Board 49-26] cannot add Board Part xilinx.com:vck190:part0:3.1 available at C:/Xilinx/2025.1/data/xhub/boards\XilinxBoardStore\boards\Xilinx\vck190\production\3.1\board.xml as part xcvc1902-vsva2197-2mp-e-s specified in board_part file is either invalid or not available
WARNING: [Board 49-26] cannot add Board Part xilinx.com:vck190:part0:3.2 available at C:/Xilinx/2025.1/data/xhub/boards\XilinxBoardStore\boards\Xilinx\vck190\production\3.2\board.xml as part xcvc1902-vsva2197-2mp-e-s specified in board_part file is either invalid or not available
WARNING: [Board 49-26] cannot add Board Part xilinx.com:vck190:part0:3.3 available at C:/Xilinx/2025.1/data/xhub/boards\XilinxBoardStore\boards\Xilinx\vck190\production\3.3\board.xml as part xcvc1902-vsva2197-2mp-e-s specified in board_part file is either invalid or not available
WARNING: [Board 49-26] cannot add Board Part xilinx.com:vck190:part0:3.4 available at C:/Xilinx/2025.1/data/xhub/boards\XilinxBoardStore\boards\Xilinx\vck190\production\3.4\board.xml as part xcvc1902-vsva2197-2mp-e-s specified in board_part file is either invalid or not available
WARNING: [Board 49-26] cannot add Board Part xilinx.com:vck190_newl:part0:1.0 available at C:/Xilinx/2025.1/data/xhub/boards\XilinxBoardStore\boards\Xilinx\vck190_newl\production\1.0\board.xml as part xcvc1902-vsva2197-2mp-e-s specified in board_part file is either invalid or not available
WARNING: [Board 49-26] cannot add Board Part xilinx.com:vck190_newl:part0:1.1 available at C:/Xilinx/2025.1/data/xhub/boards\XilinxBoardStore\boards\Xilinx\vck190_newl\production\1.1\board.xml as part xcvc1902-vsva2197-2mp-e-s specified in board_part file is either invalid or not available
WARNING: [Board 49-26] cannot add Board Part xilinx.com:vck190_newl:part0:1.2 available at C:/Xilinx/2025.1/data/xhub/boards\XilinxBoardStore\boards\Xilinx\vck190_newl\production\1.2\board.xml as part xcvc1902-vsva2197-2mp-e-s specified in board_part file is either invalid or not available
WARNING: [Board 49-26] cannot add Board Part xilinx.com:vck190_newl:part0:1.3 available at C:/Xilinx/2025.1/data/xhub/boards\XilinxBoardStore\boards\Xilinx\vck190_newl\production\1.3\board.xml as part xcvc1902-vsva2197-2mp-e-s specified in board_part file is either invalid or not available
WARNING: [Board 49-26] cannot add Board Part xilinx.com:vcu108:part0:1.6 available at C:/Xilinx/2025.1/data/xhub/boards\XilinxBoardStore\boards\Xilinx\vcu108\1.6\board.xml as part xcvu095-ffva2104-2-e specified in board_part file is either invalid or not available
WARNING: [Board 49-26] cannot add Board Part xilinx.com:vcu108:part0:1.7 available at C:/Xilinx/2025.1/data/xhub/boards\XilinxBoardStore\boards\Xilinx\vcu108\1.7\board.xml as part xcvu095-ffva2104-2-e specified in board_part file is either invalid or not available
WARNING: [Board 49-26] cannot add Board Part xilinx.com:vcu110:part0:1.4 available at C:/Xilinx/2025.1/data/xhub/boards\XilinxBoardStore\boards\Xilinx\vcu110\1.4\board.xml as part xcvu190-flgc2104-2-e specified in board_part file is either invalid or not available
WARNING: [Board 49-26] cannot add Board Part xilinx.com:vcu118:part0:2.0 available at C:/Xilinx/2025.1/data/xhub/boards\XilinxBoardStore\boards\Xilinx\vcu118\2.0\board.xml as part xcvu9p-flga2104-2l-e specified in board_part file is either invalid or not available
WARNING: [Board 49-26] cannot add Board Part xilinx.com:vcu118:part0:2.3 available at C:/Xilinx/2025.1/data/xhub/boards\XilinxBoardStore\boards\Xilinx\vcu118\2.3\board.xml as part xcvu9p-flga2104-2l-e specified in board_part file is either invalid or not available
WARNING: [Board 49-26] cannot add Board Part xilinx.com:vcu118:part0:2.4 available at C:/Xilinx/2025.1/data/xhub/boards\XilinxBoardStore\boards\Xilinx\vcu118\2.4\board.xml as part xcvu9p-flga2104-2l-e specified in board_part file is either invalid or not available
WARNING: [Board 49-26] cannot add Board Part xilinx.com:vcu128:part0:1.0 available at C:/Xilinx/2025.1/data/xhub/boards\XilinxBoardStore\boards\Xilinx\vcu128\production\1.0\board.xml as part xcvu37p-fsvh2892-2l-e specified in board_part file is either invalid or not available
WARNING: [Board 49-26] cannot add Board Part xilinx.com:vcu129:part0:1.0 available at C:/Xilinx/2025.1/data/xhub/boards\XilinxBoardStore\boards\Xilinx\vcu129\production\1.0\board.xml as part xcvu29p-fsga2577-2l-e specified in board_part file is either invalid or not available
WARNING: [Board 49-26] cannot add Board Part xilinx.com:vcu1525:part0:1.3 available at C:/Xilinx/2025.1/data/xhub/boards\XilinxBoardStore\boards\Xilinx\vcu1525\1.3\board.xml as part xcvu9p-fsgd2104-2l-e specified in board_part file is either invalid or not available
WARNING: [Board 49-26] cannot add Board Part xilinx.com:vek280:part0:1.0 available at C:/Xilinx/2025.1/data/xhub/boards\XilinxBoardStore\boards\Xilinx\vek280\production\1.0\board.xml as part xcve2802-vsvh1760-2mp-e-s specified in board_part file is either invalid or not available
WARNING: [Board 49-26] cannot add Board Part xilinx.com:vek280:part0:1.1 available at C:/Xilinx/2025.1/data/xhub/boards\XilinxBoardStore\boards\Xilinx\vek280\production\1.1\board.xml as part xcve2802-vsvh1760-2mp-e-s specified in board_part file is either invalid or not available
WARNING: [Board 49-26] cannot add Board Part xilinx.com:vek280:part0:1.2 available at C:/Xilinx/2025.1/data/xhub/boards\XilinxBoardStore\boards\Xilinx\vek280\production\1.2\board.xml as part xcve2802-vsvh1760-2mp-e-s specified in board_part file is either invalid or not available
WARNING: [Board 49-26] cannot add Board Part xilinx.com:vek385:part0:1.0 available at C:/Xilinx/2025.1/data/xhub/boards\XilinxBoardStore\boards\Xilinx\vek385\1.0\board.xml as part xc2ve3858-ssva2112-2mp-e-s specified in board_part file is either invalid or not available
WARNING: [Board 49-26] cannot add Board Part xilinx.com:vermeo_t1_mpsoc:part0:1.0 available at C:/Xilinx/2025.1/data/xhub/boards\XilinxBoardStore\boards\Xilinx\vermeo_t1_mpsoc\1.0\board.xml as part xczu19eg-ffvd1760-2l-e specified in board_part file is either invalid or not available
WARNING: [Board 49-26] cannot add Board Part xilinx.com:vermeo_t1_rfsoc:part0:1.0 available at C:/Xilinx/2025.1/data/xhub/boards\XilinxBoardStore\boards\Xilinx\vermeo_t1_rfsoc\1.0\board.xml as part xczu21dr-ffvd1156-2l-e specified in board_part file is either invalid or not available
WARNING: [Board 49-26] cannot add Board Part xilinx.com:vhk158:part0:1.0 available at C:/Xilinx/2025.1/data/xhub/boards\XilinxBoardStore\boards\Xilinx\vhk158\production\1.0\board.xml as part xcvh1582-vsva3697-2mp-e-s specified in board_part file is either invalid or not available
WARNING: [Board 49-26] cannot add Board Part xilinx.com:vhk158:part0:1.1 available at C:/Xilinx/2025.1/data/xhub/boards\XilinxBoardStore\boards\Xilinx\vhk158\production\1.1\board.xml as part xcvh1582-vsva3697-2mp-e-s specified in board_part file is either invalid or not available
WARNING: [Board 49-26] cannot add Board Part xilinx.com:vhk158:part0:1.2 available at C:/Xilinx/2025.1/data/xhub/boards\XilinxBoardStore\boards\Xilinx\vhk158\production\1.2\board.xml as part xcvh1582-vsva3697-2mp-e-s specified in board_part file is either invalid or not available
WARNING: [Board 49-26] cannot add Board Part xilinx.com:vmk180:part0:2.2 available at C:/Xilinx/2025.1/data/xhub/boards\XilinxBoardStore\boards\Xilinx\vmk180\production\2.2\board.xml as part xcvm1802-vsva2197-2mp-e-s specified in board_part file is either invalid or not available
WARNING: [Board 49-26] cannot add Board Part xilinx.com:vmk180:part0:3.0 available at C:/Xilinx/2025.1/data/xhub/boards\XilinxBoardStore\boards\Xilinx\vmk180\production\3.0\board.xml as part xcvm1802-vsva2197-2mp-e-s specified in board_part file is either invalid or not available
WARNING: [Board 49-26] cannot add Board Part xilinx.com:vmk180:part0:3.1 available at C:/Xilinx/2025.1/data/xhub/boards\XilinxBoardStore\boards\Xilinx\vmk180\production\3.1\board.xml as part xcvm1802-vsva2197-2mp-e-s specified in board_part file is either invalid or not available
WARNING: [Board 49-26] cannot add Board Part xilinx.com:vmk180:part0:3.2 available at C:/Xilinx/2025.1/data/xhub/boards\XilinxBoardStore\boards\Xilinx\vmk180\production\3.2\board.xml as part xcvm1802-vsva2197-2mp-e-s specified in board_part file is either invalid or not available
WARNING: [Board 49-26] cannot add Board Part xilinx.com:vmk180:part0:3.3 available at C:/Xilinx/2025.1/data/xhub/boards\XilinxBoardStore\boards\Xilinx\vmk180\production\3.3\board.xml as part xcvm1802-vsva2197-2mp-e-s specified in board_part file is either invalid or not available
WARNING: [Board 49-26] cannot add Board Part xilinx.com:vmk180_newl:part0:1.0 available at C:/Xilinx/2025.1/data/xhub/boards\XilinxBoardStore\boards\Xilinx\vmk180_newl\production\1.0\board.xml as part xcvm1802-vsva2197-2mp-e-s specified in board_part file is either invalid or not available
WARNING: [Board 49-26] cannot add Board Part xilinx.com:vmk180_newl:part0:1.1 available at C:/Xilinx/2025.1/data/xhub/boards\XilinxBoardStore\boards\Xilinx\vmk180_newl\production\1.1\board.xml as part xcvm1802-vsva2197-2mp-e-s specified in board_part file is either invalid or not available
WARNING: [Board 49-26] cannot add Board Part xilinx.com:vpk120:part0:1.0 available at C:/Xilinx/2025.1/data/xhub/boards\XilinxBoardStore\boards\Xilinx\vpk120\production\1.0\board.xml as part xcvp1202-vsva2785-2mp-e-s specified in board_part file is either invalid or not available
WARNING: [Board 49-26] cannot add Board Part xilinx.com:vpk120:part0:1.1 available at C:/Xilinx/2025.1/data/xhub/boards\XilinxBoardStore\boards\Xilinx\vpk120\production\1.1\board.xml as part xcvp1202-vsva2785-2mp-e-s specified in board_part file is either invalid or not available
WARNING: [Board 49-26] cannot add Board Part xilinx.com:vpk120:part0:1.2 available at C:/Xilinx/2025.1/data/xhub/boards\XilinxBoardStore\boards\Xilinx\vpk120\production\1.2\board.xml as part xcvp1202-vsva2785-2mp-e-s specified in board_part file is either invalid or not available
WARNING: [Board 49-26] cannot add Board Part xilinx.com:vpk180:part0:1.0 available at C:/Xilinx/2025.1/data/xhub/boards\XilinxBoardStore\boards\Xilinx\vpk180\production\1.0\board.xml as part xcvp1802-lsvc4072-2mp-e-s specified in board_part file is either invalid or not available
WARNING: [Board 49-26] cannot add Board Part xilinx.com:vpk180:part0:1.1 available at C:/Xilinx/2025.1/data/xhub/boards\XilinxBoardStore\boards\Xilinx\vpk180\production\1.1\board.xml as part xcvp1802-lsvc4072-2mp-e-s specified in board_part file is either invalid or not available
WARNING: [Board 49-26] cannot add Board Part xilinx.com:vpk180:part0:1.2 available at C:/Xilinx/2025.1/data/xhub/boards\XilinxBoardStore\boards\Xilinx\vpk180\production\1.2\board.xml as part xcvp1802-lsvc4072-2mp-e-s specified in board_part file is either invalid or not available
WARNING: [Board 49-26] cannot add Board Part xilinx.com:zcu102:part0:3.3 available at C:/Xilinx/2025.1/data/xhub/boards\XilinxBoardStore\boards\Xilinx\zcu102\3.3\board.xml as part xczu9eg-ffvb1156-2-e specified in board_part file is either invalid or not available
WARNING: [Board 49-26] cannot add Board Part xilinx.com:zcu102:part0:3.4 available at C:/Xilinx/2025.1/data/xhub/boards\XilinxBoardStore\boards\Xilinx\zcu102\3.4\board.xml as part xczu9eg-ffvb1156-2-e specified in board_part file is either invalid or not available
WARNING: [Board 49-26] cannot add Board Part xilinx.com:zcu104:part0:1.1 available at C:/Xilinx/2025.1/data/xhub/boards\XilinxBoardStore\boards\Xilinx\zcu104\1.1\board.xml as part xczu7ev-ffvc1156-2-e specified in board_part file is either invalid or not available
WARNING: [Board 49-26] cannot add Board Part xilinx.com:zcu106:part0:2.4 available at C:/Xilinx/2025.1/data/xhub/boards\XilinxBoardStore\boards\Xilinx\zcu106\2.4\board.xml as part xczu7ev-ffvc1156-2-e specified in board_part file is either invalid or not available
WARNING: [Board 49-26] cannot add Board Part xilinx.com:zcu106:part0:2.5 available at C:/Xilinx/2025.1/data/xhub/boards\XilinxBoardStore\boards\Xilinx\zcu106\2.5\board.xml as part xczu7ev-ffvc1156-2-e specified in board_part file is either invalid or not available
WARNING: [Board 49-26] cannot add Board Part xilinx.com:zcu106:part0:2.6 available at C:/Xilinx/2025.1/data/xhub/boards\XilinxBoardStore\boards\Xilinx\zcu106\2.6\board.xml as part xczu7ev-ffvc1156-2-e specified in board_part file is either invalid or not available
WARNING: [Board 49-26] cannot add Board Part xilinx.com:zcu111:part0:1.2 available at C:/Xilinx/2025.1/data/xhub/boards\XilinxBoardStore\boards\Xilinx\zcu111\1.2\board.xml as part xczu28dr-ffvg1517-2-e specified in board_part file is either invalid or not available
WARNING: [Board 49-26] cannot add Board Part xilinx.com:zcu111:part0:1.3 available at C:/Xilinx/2025.1/data/xhub/boards\XilinxBoardStore\boards\Xilinx\zcu111\1.3\board.xml as part xczu28dr-ffvg1517-2-e specified in board_part file is either invalid or not available
WARNING: [Board 49-26] cannot add Board Part xilinx.com:zcu111:part0:1.4 available at C:/Xilinx/2025.1/data/xhub/boards\XilinxBoardStore\boards\Xilinx\zcu111\1.4\board.xml as part xczu28dr-ffvg1517-2-e specified in board_part file is either invalid or not available
WARNING: [Board 49-26] cannot add Board Part xilinx.com:zcu1275:part0:1.0 available at C:/Xilinx/2025.1/data/xhub/boards\XilinxBoardStore\boards\Xilinx\zcu1275\1.0\board.xml as part xczu29dr-ffvf1760-2-e specified in board_part file is either invalid or not available
WARNING: [Board 49-26] cannot add Board Part xilinx.com:zcu1285:part0:1.0 available at C:/Xilinx/2025.1/data/xhub/boards\XilinxBoardStore\boards\Xilinx\zcu1285\1.0\board.xml as part xczu39dr-ffvf1760-2-i specified in board_part file is either invalid or not available
WARNING: [Board 49-26] cannot add Board Part xilinx.com:zcu208:part0:2.0 available at C:/Xilinx/2025.1/data/xhub/boards\XilinxBoardStore\boards\Xilinx\zcu208\production\2.0\board.xml as part xczu48dr-fsvg1517-2-e specified in board_part file is either invalid or not available
WARNING: [Board 49-26] cannot add Board Part xilinx.com:zcu208ld:part0:2.0 available at C:/Xilinx/2025.1/data/xhub/boards\XilinxBoardStore\boards\Xilinx\zcu208ld\production\2.0\board.xml as part xczu58dr-fsvg1517-2-i specified in board_part file is either invalid or not available
WARNING: [Board 49-26] cannot add Board Part xilinx.com:zcu216:part0:2.0 available at C:/Xilinx/2025.1/data/xhub/boards\XilinxBoardStore\boards\Xilinx\zcu216\production\2.0\board.xml as part xczu49dr-ffvf1760-2-e specified in board_part file is either invalid or not available
WARNING: [Board 49-26] cannot add Board Part xilinx.com:zcu216ld:part0:2.0 available at C:/Xilinx/2025.1/data/xhub/boards\XilinxBoardStore\boards\Xilinx\zcu216ld\production\2.0\board.xml as part xczu59dr-ffvf1760-2-i specified in board_part file is either invalid or not available
WARNING: [Board 49-26] cannot add Board Part xilinx.com:zcu670:part0:2.0 available at C:/Xilinx/2025.1/data/xhub/boards\XilinxBoardStore\boards\Xilinx\zcu670\2.0\board.xml as part xczu67dr-fsve1156-2-i specified in board_part file is either invalid or not available
WARNING: [Board 49-26] cannot add Board Part xilinx.com:zcu670ld:part0:1.0 available at C:/Xilinx/2025.1/data/xhub/boards\XilinxBoardStore\boards\Xilinx\zcu670ld\1.0\board.xml as part xczu57dr-fsve1156-2-i specified in board_part file is either invalid or not available
WARNING: [Project 1-5713] Board part '' set for the project  is not found. BoardPart property will be unset. Please select board from latest repo build 
INFO: [IP_Flow 19-234] Refreshing IP repositories
INFO: [IP_Flow 19-1704] No user IP repositories specified
INFO: [IP_Flow 19-2313] Loaded Vivado IP repository 'C:/Xilinx/2025.1/Vivado/data/ip'.
update_compile_order -fileset sources_1
archive_project {C:/Users/jflh0/OneDrive/Desktop/9NO SEMESTRE/project_1.xpr.zip} -temp_dir C:/Users/jflh0/AppData/Roaming/Xilinx/Vivado/.Xil/Vivado-4940-JesusHernandez -force -include_local_ip_cache
INFO: [Coretcl 2-137] starting archive...
INFO: [Coretcl 2-1499] Saving project copy to temporary location 'C:/Users/jflh0/AppData/Roaming/Xilinx/Vivado/.Xil/Vivado-4940-JesusHernandez' for archiving project
INFO: [filemgmt 56-3] Default IP Output Path : Could not find the directory 'C:/Users/jflh0/project_1/project_1.gen/sources_1'.
Scanning sources...
Finished scanning sources
WARNING: [Project 1-5713] Board part '' set for the project  is not found. BoardPart property will be unset. Please select board from latest repo build 
INFO: [Coretcl 2-1211] Creating project copy for archival...
INFO: [ProjectBase 1-495] The host OS only allows 260 characters in a normal path. The project is stored in a path with more than 80 characters. If you experience any problem with archiving the project, please consider setting environment variable $TEMP to a shorter path.
Current project path is 'C:/Users/jflh0/AppData/Roaming/Xilinx/Vivado/.Xil/Vivado-4940-JesusHernandez/PrjAr/_X_'.
WARNING: [IP_Flow 19-4995] The host OS only allows 260 characters in a normal path. The IP cache path is more than 80 characters. If you experience issues with IP caching, please consider changing the IP cache to a location with a shorter path. Alternately consider using the OS subst command to map part of the path to a drive letter. 
Current IP cache path is C:/Users/jflh0/AppData/Roaming/Xilinx/Vivado/.Xil/Vivado-4940-JesusHernandez/PrjAr/_X_/project_1.cache/ip 
INFO: [Coretcl 2-1213] Including run results for 'synth_1'
INFO: [Coretcl 2-1213] Including run results for 'impl_1'
INFO: [IP_Flow 19-234] Refreshing IP repositories
INFO: [IP_Flow 19-1704] No user IP repositories specified
INFO: [IP_Flow 19-2313] Loaded Vivado IP repository 'C:/Xilinx/2025.1/Vivado/data/ip'.
